col_name,feature_importance_vals
X_318,0.0006024556732054831
X_120,0.0004459720450041654
X_248,0.00042593447122969247
X_124,0.00036222636149897995
X_890,0.000335525412098233
X_240,0.0003310540716515526
X_2780,0.00031413015869120376
X_1162,0.0003055614609245245
X_1668,0.00029143815819915027
X_73,0.00028775623004862453
X_1849,0.00027350096077819776
X_90,0.00024084403127224495
X_1286,0.00022334968389901751
X_43,0.00022095054539769806
X_1045,0.0002101119776127065
X_1833,0.00021010222285601382
X_130,0.00019699410881089053
X_2787,0.00019445645190665128
X_867,0.00015728987386527237
X_1949,0.00015247330623168823
X_107,0.0001511486993138822
X_56,0.0001508230687749139
X_884,0.0001419581137842034
X_1864,0.000136437289949656
X_1077,0.00013280730737184513
X_1211,0.0001270349948800929
X_257,0.00012580077553429636
X_1120,0.00012423406153916035
X_1194,0.0001240564605851925
X_1532,0.00012179151124065078
X_1856,0.00011684176005673616
X_1350,0.00011262374149058502
X_437,0.0001098693322670475
X_976,0.00010857037684154565
X_841,0.00010828007699022298
X_954,0.00010764665252789231
X_1389,0.00010605327938135932
X_712,0.00010555567669347468
X_968,9.890244201268593e-05
X_792,9.856616652919938e-05
X_1740,9.683591945095078e-05
X_350,9.472237308945427e-05
X_901,9.315413299589001e-05
X_1110,9.289410722892391e-05
X_1347,9.218683283657161e-05
X_387,9.176699235650222e-05
X_1563,8.955088505954331e-05
X_1810,8.781356432793788e-05
X_1832,8.6760161691751e-05
X_119,8.528866970135047e-05
X_718,8.257902903628263e-05
X_1145,8.02216349209165e-05
X_544,7.942709945922239e-05
X_1366,7.632880112321816e-05
X_554,7.482342312662918e-05
X_1959,7.481971626240489e-05
X_404,7.327528329141237e-05
X_1853,7.252164913589401e-05
X_1052,7.187827158503168e-05
X_103,7.148166351139373e-05
X_1154,6.825666510197534e-05
X_17,6.797793318672557e-05
X_710,6.775394737807444e-05
X_517,6.568871830717386e-05
X_1854,6.350246930043327e-05
X_1550,6.224433193855888e-05
X_1610,6.173146567588863e-05
X_1569,6.077068502125211e-05
X_12,6.0360474445207735e-05
X_2762,6.029397194264628e-05
X_1287,6.0033946237311344e-05
X_1129,5.990792358324644e-05
X_1418,5.946042498634979e-05
X_2065,5.907857126281237e-05
X_518,5.907753925208767e-05
X_835,5.8131006540866484e-05
X_1376,5.7940279679802894e-05
X_1243,5.743361110030492e-05
X_1371,5.584334058939317e-05
X_44,5.502341909476856e-05
X_674,5.365000855181329e-05
X_1088,5.282617147792295e-05
X_1374,5.1623922275910777e-05
X_483,5.1029617825233867e-05
X_786,5.0729612699054884e-05
X_1560,4.912380033552741e-05
X_1540,4.909218739466977e-05
X_774,4.908815377263737e-05
X_1346,4.898677626668203e-05
X_125,4.7089983789930165e-05
X_495,4.654892112645829e-05
X_999,4.6391930012154605e-05
X_958,4.615431148069016e-05
X_594,4.5804095976943146e-05
X_407,4.5779630460981764e-05
X_813,4.57630696226404e-05
X_102,4.572537930519251e-05
X_1203,4.540327038729119e-05
X_838,4.4832122867770266e-05
X_1348,4.481498147700136e-05
X_780,4.3720266218295734e-05
X_1743,4.368043155406956e-05
X_700,4.316918954510194e-05
X_1178,4.316405742331685e-05
X_678,4.310619773829167e-05
X_1048,4.250666900183365e-05
X_1420,4.2230984492814644e-05
X_1381,4.171073269163532e-05
X_1292,4.126721612427878e-05
X_397,4.083248113403246e-05
X_1613,4.0412800379710105e-05
X_818,4.029200179281617e-05
X_1375,4.0253215618903194e-05
X_1419,4.0158896436989476e-05
X_717,3.9987810438072475e-05
X_1274,3.8593625673091e-05
X_2840,3.844879902282917e-05
X_623,3.836499321371326e-05
X_1422,3.816432589393923e-05
X_772,3.714861288936193e-05
X_681,3.709340434021774e-05
X_1152,3.6817075532968555e-05
X_2725,3.629379924227279e-05
X_1352,3.60512258681174e-05
X_428,3.593549843243908e-05
X_1265,3.560182640138454e-05
X_1735,3.487628406371552e-05
X_548,3.4854173090271474e-05
X_2440,3.4482555702609755e-05
X_482,3.446389385446507e-05
X_1544,3.446324345092873e-05
X_693,3.436045809941e-05
X_716,3.401179654656341e-05
X_146,3.346348419222165e-05
X_825,3.337578060058544e-05
X_1720,3.305104025989716e-05
X_499,3.2942665601593905e-05
X_866,3.2361951525987896e-05
X_1036,3.217703213100608e-05
X_794,3.181356678663437e-05
X_1620,3.164030701810603e-05
X_353,3.153479926807536e-05
X_94,3.133385181372811e-05
X_457,3.1233766776288856e-05
X_1945,3.0125572179494886e-05
X_956,2.997670159983345e-05
X_500,2.994789786254136e-05
X_775,2.9749025730126176e-05
X_1221,2.9714449933720815e-05
X_698,2.942543395608979e-05
X_1342,2.9262427274491598e-05
X_1213,2.883949575422963e-05
X_388,2.883934947542112e-05
X_476,2.8617868175306687e-05
X_894,2.8598624258969553e-05
X_1716,2.8392731534772928e-05
X_1758,2.831633342926235e-05
X_663,2.8105759051197316e-05
X_58,2.784593255951325e-05
X_1744,2.7822174147902705e-05
X_2079,2.766638378450043e-05
X_65,2.688528267862983e-05
X_957,2.6603780878756923e-05
X_1428,2.657699269726107e-05
X_1262,2.600131946278087e-05
X_267,2.5145033304861023e-05
X_2841,2.5073088193404303e-05
X_1958,2.460361627249259e-05
X_556,2.456975586788116e-05
X_460,2.4538674799349517e-05
X_448,2.4509531037385643e-05
X_1430,2.419923891987417e-05
X_45,2.3723697555893984e-05
X_256,2.3477748437766866e-05
X_423,2.3102747370518442e-05
X_1051,2.2913920786246996e-05
X_2837,2.22349095402601e-05
X_532,2.175460496475112e-05
X_489,2.1657070710461455e-05
X_494,2.163874678034782e-05
X_401,2.1510770268297034e-05
X_658,2.1433418050932192e-05
X_2027,2.1305489432695053e-05
X_1190,2.102626960248937e-05
X_1632,2.0957056342138345e-05
X_1337,2.069256330086774e-05
X_1543,2.0687775733810037e-05
X_1406,2.060227964053004e-05
X_959,2.0564935572130443e-05
X_996,2.0555037132908102e-05
X_967,2.0540500363660993e-05
X_1000,2.04404898564802e-05
X_285,2.019979084327607e-05
X_440,1.9990801530484962e-05
X_1037,1.9863363528675928e-05
X_574,1.9727242533253486e-05
X_669,1.9676918766600366e-05
X_1153,1.965290747541676e-05
X_379,1.956864550118611e-05
X_1207,1.956473678627345e-05
X_985,1.9422067808558073e-05
X_1561,1.930823155705841e-05
X_399,1.929984544592376e-05
X_1240,1.924453003020142e-05
X_943,1.9172889566376302e-05
X_1370,1.9110378814767784e-05
X_301,1.8743027536042582e-05
X_662,1.8163790460901696e-05
X_1014,1.813791759096465e-05
X_1378,1.7999923785538758e-05
X_454,1.7937173647878416e-05
X_1205,1.7632156952809148e-05
X_993,1.7627792570193336e-05
X_1033,1.759859860776351e-05
X_614,1.75406840863095e-05
X_1026,1.751251249050184e-05
X_367,1.7427523849616965e-05
X_1345,1.7360287547041702e-05
X_1534,1.7221211188691856e-05
X_1275,1.708989804552621e-05
X_1107,1.7066246181164696e-05
X_848,1.696886742158446e-05
X_1339,1.6886831242464683e-05
X_132,1.6714121927775513e-05
X_1696,1.6694113448176624e-05
X_422,1.6654953371155977e-05
X_524,1.65975904522926e-05
X_2434,1.6505962945215186e-05
X_1054,1.6447170738701518e-05
X_660,1.628983054522259e-05
X_97,1.625451342587679e-05
X_885,1.622749899834653e-05
X_1384,1.6080701333623038e-05
X_468,1.6078095185442428e-05
X_1391,1.585957915205581e-05
X_497,1.5747564436242788e-05
X_438,1.5691441530617683e-05
X_1002,1.5642559451023282e-05
X_619,1.5605249233201494e-05
X_766,1.5530702305951833e-05
X_1822,1.551926515676242e-05
X_789,1.5479632702624608e-05
X_1619,1.5454762279337994e-05
X_419,1.538559057072491e-05
X_1678,1.5276012670621175e-05
X_714,1.5007394407184393e-05
X_385,1.4889958286773458e-05
X_456,1.4810777769712333e-05
X_2059,1.4725909900299983e-05
X_396,1.4709863469355867e-05
X_941,1.4680810965218098e-05
X_898,1.4674890261680338e-05
X_661,1.4632704593935907e-05
X_1260,1.4627383371232133e-05
X_2,1.4168288745250678e-05
X_1385,1.4166443772307343e-05
X_1123,1.410031207128998e-05
X_616,1.3899767534116733e-05
X_668,1.3652059791082258e-05
X_883,1.3611354689515086e-05
X_1410,1.345717939365566e-05
X_1234,1.3451071957124857e-05
X_1792,1.3410300952285198e-05
X_1557,1.340441784556754e-05
X_436,1.3348206979094527e-05
X_289,1.327142976158941e-05
X_1646,1.3132576765913831e-05
X_982,1.2873811900834044e-05
X_677,1.2804513840035765e-05
X_1223,1.277813901396576e-05
X_63,1.2721929734112266e-05
X_1423,1.2719074002735046e-05
X_1379,1.2670828693907206e-05
X_458,1.2607128804652624e-05
X_123,1.2504659802185645e-05
X_1638,1.2495979202366437e-05
X_1622,1.2472296051308428e-05
X_947,1.2458654537131004e-05
X_1736,1.241603146352291e-05
X_462,1.2386656846081998e-05
X_1122,1.2291581271107678e-05
X_757,1.227284455605063e-05
X_516,1.2256519164497404e-05
X_546,1.2076301847977991e-05
X_709,1.2071454402719777e-05
X_2794,1.2034867293297818e-05
X_1368,1.2018391886021742e-05
X_821,1.1988777129186346e-05
X_972,1.1845140706909715e-05
X_1697,1.1828421428997943e-05
X_1079,1.178125306111175e-05
X_1651,1.1607936026014089e-05
X_1282,1.15613789383506e-05
X_932,1.1558588702075119e-05
X_601,1.1544517713265953e-05
X_812,1.144495648747641e-05
X_13,1.1433840660897006e-05
X_1956,1.1377411856590458e-05
X_286,1.1296585547047694e-05
X_907,1.124296757208401e-05
X_1666,1.1100675732481475e-05
X_61,1.1077775346921664e-05
X_62,1.1056121806321166e-05
X_1415,1.103599312797626e-05
X_824,1.0998154859547612e-05
X_875,1.0981650401525118e-05
X_502,1.097228566871202e-05
X_1762,1.0942327610670794e-05
X_1118,1.0791461521685058e-05
X_290,1.0772837147886881e-05
X_1647,1.073112905687572e-05
X_1954,1.0381753140105795e-05
X_171,1.031904161091982e-05
X_99,1.025001548714653e-05
X_1212,1.0220921798396812e-05
X_11,1.0202542562073912e-05
X_2800,1.0186008137442663e-05
X_1124,1.0185070016383306e-05
X_651,1.0176849019898682e-05
X_1289,1.0121574347411295e-05
X_1082,1.0044808946690252e-05
X_403,9.962767580938215e-06
X_2797,9.952170693113494e-06
X_1947,9.89540611888051e-06
X_707,9.859739720066264e-06
X_1618,9.848972902394467e-06
X_1109,9.832323163597853e-06
X_613,9.79903343091965e-06
X_1369,9.68178338072376e-06
X_553,9.543832360559423e-06
X_1226,9.501077350503884e-06
X_975,9.445476484867492e-06
X_754,9.424154912639899e-06
X_588,9.310373440448834e-06
X_1615,9.257242390339614e-06
X_559,9.15896465470411e-06
X_897,9.145057154434485e-06
X_845,9.144112959731024e-06
X_686,9.142796378965457e-06
X_622,9.069344538772182e-06
X_101,9.058544546436907e-06
X_855,9.003695967501193e-06
X_1071,8.989971779898545e-06
X_1018,8.833180700000556e-06
X_895,8.82182684655229e-06
X_1950,8.797130081709224e-06
X_963,8.771433794190474e-06
X_405,8.687949726738691e-06
X_795,8.538638073113325e-06
X_2785,8.522885041122323e-06
X_1570,8.489127223345438e-06
X_846,8.456896130669253e-06
X_492,8.395865903364172e-06
X_545,8.39335455280846e-06
X_711,8.305121146030271e-06
X_1094,8.288643936952715e-06
X_1679,8.28737246867914e-06
X_1059,8.256076046663499e-06
X_452,8.226316814303587e-06
X_402,8.101946752920311e-06
X_496,8.09519994706766e-06
X_1816,8.090597071074005e-06
X_1169,8.039812104159392e-06
X_1349,7.918119064883278e-06
X_2019,7.8446505467922e-06
X_22,7.824968048636338e-06
X_1566,7.643499856240715e-06
X_771,7.5259929289826796e-06
X_659,7.504914022788675e-06
X_965,7.476762425188448e-06
X_1329,7.4408094599934634e-06
X_1043,7.352543222754248e-06
X_1408,7.344493688581904e-06
X_1280,7.337929926051135e-06
X_833,7.329454992549623e-06
X_1291,7.23066900108298e-06
X_962,7.219324287830942e-06
X_1161,7.176437211226673e-06
X_1168,7.166256035072579e-06
X_1279,7.158255126119192e-06
X_973,7.149245996912829e-06
X_1075,7.118704937543105e-06
X_1388,7.036060823791639e-06
X_1642,7.027502796969156e-06
X_986,7.02247012706166e-06
X_783,7.007157408605247e-06
X_1155,7.003330287468102e-06
X_1658,6.919810353435318e-06
X_763,6.909121522082019e-06
X_1127,6.761012842279252e-06
X_899,6.614597332795335e-06
X_1794,6.552823121105187e-06
X_1098,6.548908394318814e-06
X_1365,6.543037148797353e-06
X_1782,6.508586594293835e-06
X_978,6.5002992198673356e-06
X_490,6.497873838571646e-06
X_1044,6.4699856200262816e-06
X_1239,6.370546435794007e-06
X_618,6.306570608813555e-06
X_371,6.30633767760905e-06
X_1083,6.145531965854692e-06
X_955,6.1394035539527966e-06
X_2449,6.132251473648485e-06
X_1732,6.054853499450962e-06
X_939,6.023868969503631e-06
X_398,5.925167560315041e-06
X_1029,5.9151468340721754e-06
X_443,5.894992891783864e-06
X_515,5.878583332579989e-06
X_552,5.858819038511282e-06
X_566,5.758784005666286e-06
X_1351,5.708516583605881e-06
X_600,5.699402876586812e-06
X_1301,5.679198048374608e-06
X_1099,5.668935884594685e-06
X_1355,5.662791625611871e-06
X_2050,5.657901898938574e-06
X_60,5.652537759601629e-06
X_585,5.636567668414914e-06
X_1125,5.584518942760862e-06
X_977,5.563952593739874e-06
X_1115,5.561862118161627e-06
X_702,5.4660766425124e-06
X_667,5.409367434049371e-06
X_1804,5.408226457868004e-06
X_608,5.382931789274683e-06
X_2714,5.382823800382267e-06
X_1297,5.379870277079279e-06
X_106,5.334228462755848e-06
X_1961,5.241038401670128e-06
X_1780,5.221740354504376e-06
X_307,5.1418891767653175e-06
X_983,5.136679218737066e-06
X_520,5.10905280964217e-06
X_793,5.050685946689931e-06
X_933,5.047630969081777e-06
X_1064,5.029019676341612e-06
X_665,5.024049480053467e-06
X_2191,5.021200488093116e-06
X_1121,4.9400962244429264e-06
X_819,4.9344059435804765e-06
X_1176,4.930920279734494e-06
X_609,4.924479019094111e-06
X_769,4.879931318873975e-06
X_1358,4.876769758001778e-06
X_587,4.864541812189843e-06
X_110,4.783769527531042e-06
X_1341,4.780995165015224e-06
X_862,4.751319642425909e-06
X_514,4.741237139971748e-06
X_1340,4.722984574259755e-06
X_2056,4.71549753647397e-06
X_589,4.707391732213453e-06
X_564,4.6877618768714356e-06
X_1046,4.677835265943942e-06
X_605,4.6717646673108075e-06
X_16,4.604485479124332e-06
X_755,4.569969690924142e-06
X_1344,4.5394602380153e-06
X_461,4.531204209884921e-06
X_1078,4.506447611980812e-06
X_2096,4.4931281690305874e-06
X_713,4.4706616716428936e-06
X_961,4.46238336172202e-06
X_292,4.4605208787041694e-06
X_931,4.439548207133189e-06
X_1409,4.439185136018343e-06
X_1030,4.434465363847825e-06
X_1657,4.4184115962045475e-06
X_1556,4.378378061726132e-06
X_1089,4.329210995465093e-06
X_1101,4.268957559160986e-06
X_1373,4.267591634567636e-06
X_447,4.266305587022807e-06
X_513,4.255146390312003e-06
X_675,4.238416389173463e-06
X_1390,4.202236580711617e-06
X_876,4.198801754095332e-06
X_498,4.151164170588648e-06
X_1209,4.1466010548356895e-06
X_413,4.12993650838496e-06
X_1179,4.118405219343054e-06
X_453,4.101371625183416e-06
X_537,4.066779384066012e-06
X_1015,3.976182700812681e-06
X_2717,3.958667099050892e-06
X_2753,3.9505818036252205e-06
X_1093,3.910800660783052e-06
X_946,3.892191900080736e-06
X_687,3.882041897457376e-06
X_1019,3.838769521257849e-06
X_1113,3.831251342819971e-06
X_1813,3.816519880593824e-06
X_1238,3.753321095073661e-06
X_1386,3.704500636769949e-06
X_2452,3.682077252227817e-06
X_1258,3.6585143977419774e-06
X_1290,3.6348008038251723e-06
X_1158,3.5781050036010225e-06
X_1257,3.569780690911486e-06
X_684,3.5433921696731757e-06
X_557,3.5030182921166377e-06
X_1114,3.475499274587193e-06
X_612,3.461820890773616e-06
X_389,3.358832573147642e-06
X_1295,3.3325972437010044e-06
X_485,3.329593302481069e-06
X_2765,3.3042425231938543e-06
X_42,3.285759814331101e-06
X_842,3.2686101913942034e-06
X_820,3.244353691887322e-06
X_945,3.2009828257744716e-06
X_523,3.1792831866089603e-06
X_1380,3.1787321425945837e-06
X_1013,3.1580426904925905e-06
X_1775,3.1436480954291733e-06
X_439,3.130757387188119e-06
X_1112,3.1235517045243627e-06
X_1053,3.1167707533632925e-06
X_491,3.1087895455383507e-06
X_1609,3.0995333685649105e-06
X_1612,3.0809011164058235e-06
X_1584,3.0745850407613337e-06
X_1812,3.06154150956404e-06
X_949,3.0429304454049363e-06
X_1001,3.0206038348145646e-06
X_1354,3.005846641189312e-06
X_581,2.994735426037929e-06
X_1208,2.990856334064049e-06
X_1548,2.927019572654372e-06
X_1538,2.917646208219184e-06
X_539,2.903206051847345e-06
X_346,2.897975084604186e-06
X_1288,2.8525393401573417e-06
X_543,2.84778964721338e-06
X_1962,2.8475355563283973e-06
X_510,2.8302210511592526e-06
X_2068,2.7533542678336015e-06
X_801,2.7274110519438834e-06
X_1356,2.7219897723572117e-06
X_896,2.7014633704006845e-06
X_2446,2.6994913153690333e-06
X_1017,2.6937725115976875e-06
X_791,2.6731509077831705e-06
X_1283,2.6445852305580173e-06
X_1167,2.635955081134898e-06
X_670,2.585425070192279e-06
X_300,2.5843984948717413e-06
X_1091,2.5720247586006606e-06
X_688,2.540777302609699e-06
X_344,2.525387615815573e-06
X_262,2.5231701723102153e-06
X_1338,2.494340202273782e-06
X_555,2.4862793023319436e-06
X_960,2.482335742164149e-06
X_1256,2.4463494129707953e-06
X_1241,2.4411264733824494e-06
X_1128,2.4410282592191144e-06
X_421,2.440394210037434e-06
X_415,2.4247997197239595e-06
X_942,2.4237967921764977e-06
X_582,2.419185445002812e-06
X_1551,2.4146247332772987e-06
X_1669,2.390939695855847e-06
X_805,2.3901385048968606e-06
X_788,2.387867781389495e-06
X_109,2.376564041051168e-06
X_790,2.3660118647068144e-06
X_1081,2.3354613128935323e-06
X_806,2.328650329168341e-06
X_1616,2.307038511383569e-06
X_827,2.307018103138171e-06
X_562,2.298137893684539e-06
X_435,2.2769480983647806e-06
X_1859,2.2754731337191893e-06
X_1183,2.253843871560419e-06
X_1526,2.2494607512986433e-06
X_417,2.2228619065190538e-06
X_1181,2.218619819185841e-06
X_333,2.218467835608587e-06
X_1204,2.216620813696354e-06
X_1860,2.2141639298366964e-06
X_817,2.185362135417218e-06
X_1713,2.1812246582415533e-06
X_1296,2.1570449126989844e-06
X_1055,2.1449300304273373e-06
X_966,2.1416178811542404e-06
X_352,2.133076528335642e-06
X_586,2.1271710425483157e-06
X_1197,2.119702182520219e-06
X_52,2.108747749212366e-06
X_815,2.0999981182206004e-06
X_474,2.0988934964977297e-06
X_1136,2.0571831363042955e-06
X_1225,2.0506190099666985e-06
X_20,2.0339039075782724e-06
X_1214,1.9959102756940397e-06
X_477,1.942103275021381e-06
X_607,1.937236207411214e-06
X_814,1.8584554685152005e-06
X_865,1.8512896127325348e-06
X_501,1.849244005713201e-06
X_98,1.817719203572658e-06
X_573,1.8094526440815186e-06
X_442,1.7839469069056788e-06
X_1552,1.778143632067203e-06
X_1244,1.7753656197533345e-06
X_2706,1.7562539055836559e-06
X_1263,1.7504697246261713e-06
X_484,1.7448400581850878e-06
X_1628,1.727334966351216e-06
X_831,1.7206194181408154e-06
X_854,1.7077512875839271e-06
X_703,1.7033737292483778e-06
X_118,1.6941080164866362e-06
X_1397,1.6791613292320535e-06
X_1102,1.678830910926651e-06
X_592,1.6768219085393495e-06
X_446,1.664763947083975e-06
X_105,1.6635775822622247e-06
X_994,1.6629821682386315e-06
X_1953,1.6628572463335416e-06
X_420,1.659643840111849e-06
X_394,1.6517461956128971e-06
X_1192,1.6500955232696371e-06
X_1210,1.6152680084370519e-06
X_1196,1.6041535440856186e-06
X_308,1.5797742385008794e-06
X_773,1.57400688321365e-06
X_1220,1.573736022007244e-06
X_506,1.5155130065269287e-06
X_1623,1.485484871671919e-06
X_1655,1.4727511641789084e-06
X_117,1.4721436144722498e-06
X_1694,1.4679511666053982e-06
X_1558,1.4547263879971824e-06
X_536,1.4540081618312727e-06
X_611,1.4522568304512769e-06
X_1080,1.4390749710432267e-06
X_1201,1.428689898851363e-06
X_571,1.409507492532572e-06
X_584,1.396561347408151e-06
X_1714,1.3915964241675462e-06
X_1387,1.381406246293415e-06
X_349,1.370766326187712e-06
X_1536,1.3610398559500135e-06
X_1126,1.3537167992793338e-06
X_1427,1.3482149659235582e-06
X_1637,1.344939323570728e-06
X_1034,1.3382619282945489e-06
X_2028,1.3371082744054086e-06
X_2423,1.3339625507534802e-06
X_2427,1.319077792293868e-06
X_1229,1.3062679173366315e-06
X_1084,1.304966004061074e-06
X_493,1.293451402721494e-06
X_1273,1.291706689021029e-06
X_41,1.2877187008621616e-06
X_2426,1.26153441855859e-06
X_1217,1.254422180371582e-06
X_664,1.2440976405552557e-06
X_1798,1.235071563663266e-06
X_1542,1.2273339356475728e-06
X_878,1.2123366218044894e-06
X_2711,1.202578273307079e-06
X_1060,1.1779073438720209e-06
X_753,1.1644360812055498e-06
X_478,1.1529903579922738e-06
X_1614,1.146435526946195e-06
X_1134,1.1363639873610727e-06
X_1215,1.1316893614139685e-06
X_1147,1.1240924216947657e-06
X_128,1.121757984516478e-06
X_1261,1.1077019735213255e-06
X_565,1.0989745677774318e-06
X_852,1.078622408262635e-06
X_2409,1.0720458278456503e-06
X_111,1.067560857055448e-06
X_604,1.0576946833002358e-06
X_1639,1.0053463946750597e-06
X_1359,9.999901453017442e-07
X_1817,9.952365057296107e-07
X_1757,9.896862003398302e-07
X_1587,9.818471200719793e-07
X_1224,9.798993851072432e-07
X_2057,9.79398084079808e-07
X_1106,9.535192642275849e-07
X_679,9.509936463990459e-07
X_1960,9.457659868000001e-07
X_1072,9.453823803637736e-07
X_1058,9.335365221850042e-07
X_335,9.316902128816792e-07
X_1111,9.246039027192167e-07
X_1634,9.231165446547414e-07
X_591,9.126785699419874e-07
X_354,9.097820542525831e-07
X_995,9.032114464613658e-07
X_1875,8.999810968132046e-07
X_1016,8.906962440743317e-07
X_1269,8.754036965005153e-07
X_287,8.721772969460795e-07
X_682,8.677552528971382e-07
X_1671,8.660621280981296e-07
X_2716,8.655824348862302e-07
X_1188,8.622734016699567e-07
X_1602,8.567202123519383e-07
X_2719,8.527664784107422e-07
X_345,8.425967993969334e-07
X_802,8.41897748340289e-07
X_1202,8.358345763655073e-07
X_481,8.331923732887269e-07
X_126,8.193638968513653e-07
X_1100,8.177463331237779e-07
X_1199,8.122359715537875e-07
X_283,8.099781237688476e-07
X_1424,7.85455624937981e-07
X_948,7.723718568805456e-07
X_2412,7.652491003460962e-07
X_1095,7.648364063695538e-07
X_1521,7.640749640694753e-07
X_1191,7.611530746621853e-07
X_708,7.553064325017866e-07
X_701,7.546133785632065e-07
X_1300,7.530543703768874e-07
X_680,7.490620793621325e-07
X_785,7.456050630059536e-07
X_615,7.135564680828366e-07
X_705,7.068024637795288e-07
X_1547,6.932761170492843e-07
X_1336,6.884560031555048e-07
X_261,6.801443965730817e-07
X_1140,6.676005370107606e-07
X_850,6.674480831976749e-07
X_796,6.614263266027738e-07
X_694,6.567332714194541e-07
X_365,6.50662919229088e-07
X_1649,6.46919273062137e-07
X_2048,6.450681518119543e-07
X_473,6.352356797274632e-07
X_263,6.274064351676521e-07
X_1588,6.225627358418178e-07
X_1227,6.175388713289232e-07
X_1270,6.150970314272179e-07
X_348,6.114718274003112e-07
X_384,6.102392568277689e-07
X_1189,6.012869971886672e-07
X_538,5.966678884343478e-07
X_1806,5.963547346620895e-07
X_964,5.962534371711023e-07
X_1770,5.916051448375134e-07
X_1554,5.867993785418355e-07
X_2715,5.86729160182853e-07
X_1108,5.766420836568925e-07
X_1416,5.646402169926182e-07
X_602,5.549128139727955e-07
X_507,5.534663021228251e-07
X_953,5.501881228663767e-07
X_1268,5.483439781142945e-07
X_386,5.431019683385908e-07
X_1061,5.419844507726464e-07
X_1741,5.368501561874553e-07
X_1652,5.345318886057591e-07
X_18,5.302433738417681e-07
X_1788,5.210342983556686e-07
X_471,5.039628512471944e-07
X_530,4.932776934937967e-07
X_598,4.717499585540306e-07
X_1952,4.6833694217513417e-07
X_1946,4.6604613941182275e-07
X_47,4.642972496508597e-07
X_1530,4.593342502287929e-07
X_756,4.5756879390232816e-07
X_1517,4.5264369681098896e-07
X_531,4.50968923507969e-07
X_416,4.5023262904030605e-07
X_578,4.47706883623018e-07
X_1383,4.4320377696975027e-07
X_671,4.4264978722525516e-07
X_816,4.4018385602609626e-07
X_572,4.1695000654196885e-07
X_1195,4.1373882415879345e-07
X_309,4.128135497105705e-07
X_258,3.9138859777494457e-07
X_1065,3.770961177468137e-07
X_2759,3.703220530218122e-07
X_599,3.701578984698244e-07
X_356,3.646354556491675e-07
X_1062,3.470452490052877e-07
X_1343,3.345978967968204e-07
X_1085,3.3289725929367297e-07
X_1611,2.9863360060541453e-07
X_808,2.958412332637672e-07
X_1185,2.9321489484589097e-07
X_590,2.9157698935614305e-07
X_1236,2.9074969893480885e-07
X_1968,2.8878360042847474e-07
X_59,2.8850045150382697e-07
X_606,2.831182177347533e-07
X_486,2.685997612028064e-07
X_853,2.641419597515029e-07
X_830,2.639572571159445e-07
X_395,2.5240009263589307e-07
X_980,2.501701319338654e-07
X_1818,2.4847875518032473e-07
X_1604,2.4374557455357296e-07
X_1781,2.269533604584184e-07
X_1630,2.2542527320167085e-07
X_2082,2.0318838569254724e-07
X_1629,2.0216431222736747e-07
X_136,1.820357961786269e-07
X_2731,1.6836083619688605e-07
X_1357,1.507869843666846e-07
X_1090,1.495378607001037e-07
X_1834,0.0
X_1843,0.0
X_2720,0.0
X_2554,0.0
X_2722,0.0
X_2552,0.0
X_2723,0.0
X_2721,0.0
X_2700,0.0
X_1855,0.0
X_2702,0.0
X_2701,0.0
X_2708,0.0
X_1850,0.0
X_2718,0.0
X_2713,0.0
X_2712,0.0
X_2703,0.0
X_2704,0.0
X_2705,0.0
X_1858,0.0
X_1857,0.0
X_2707,0.0
X_2710,0.0
X_1861,0.0
X_2709,0.0
X_1955,0.0
X_2551,0.0
X_2448,0.0
X_2454,0.0
X_1877,0.0
X_1878,0.0
X_1879,0.0
X_2453,0.0
X_1880,0.0
X_2451,0.0
X_2450,0.0
X_1881,0.0
X_2447,0.0
X_1862,0.0
X_2445,0.0
X_1882,0.0
X_2444,0.0
X_2443,0.0
X_2442,0.0
X_1883,0.0
X_2441,0.0
X_2439,0.0
X_1884,0.0
X_1876,0.0
X_2455,0.0
X_2456,0.0
X_1874,0.0
X_2548,0.0
X_2545,0.0
X_2542,0.0
X_1863,0.0
X_2541,0.0
X_2540,0.0
X_2465,0.0
X_2726,0.0
X_2464,0.0
X_2463,0.0
X_1866,0.0
X_2461,0.0
X_1867,0.0
X_2460,0.0
X_2459,0.0
X_1868,0.0
X_2458,0.0
X_1873,0.0
X_2457,0.0
X_1865,0.0
X_2735,0.0
X_1831,0.0
X_2782,0.0
X_1763,0.0
X_1764,0.0
X_1767,0.0
X_2786,0.0
X_1768,0.0
X_1769,0.0
X_2784,0.0
X_2783,0.0
X_1773,0.0
X_2781,0.0
X_2789,0.0
X_2779,0.0
X_1774,0.0
X_2778,0.0
X_1776,0.0
X_1779,0.0
X_2777,0.0
X_2776,0.0
X_2774,0.0
X_2773,0.0
X_2788,0.0
X_2790,0.0
X_2728,0.0
X_1748,0.0
X_1742,0.0
X_2842,0.0
X_2839,0.0
X_2801,0.0
X_2799,0.0
X_1745,0.0
X_1746,0.0
X_1747,0.0
X_2798,0.0
X_1750,0.0
X_2791,0.0
X_2796,0.0
X_1751,0.0
X_2795,0.0
X_1752,0.0
X_1755,0.0
X_1756,0.0
X_2793,0.0
X_2792,0.0
X_1761,0.0
X_1785,0.0
X_2772,0.0
X_1786,0.0
X_2740,0.0
X_2750,0.0
X_2749,0.0
X_1809,0.0
X_2748,0.0
X_2747,0.0
X_2746,0.0
X_2745,0.0
X_2744,0.0
X_2743,0.0
X_2739,0.0
X_2771,0.0
X_2736,0.0
X_1886,0.0
X_1814,0.0
X_1815,0.0
X_2734,0.0
X_2729,0.0
X_1819,0.0
X_1820,0.0
X_1821,0.0
X_2751,0.0
X_2752,0.0
X_2754,0.0
X_2755,0.0
X_1787,0.0
X_2770,0.0
X_2769,0.0
X_2768,0.0
X_1791,0.0
X_2767,0.0
X_2766,0.0
X_2764,0.0
X_2763,0.0
X_1793,0.0
X_2761,0.0
X_2760,0.0
X_1797,0.0
X_2758,0.0
X_2757,0.0
X_1799,0.0
X_1800,0.0
X_2756,0.0
X_1805,0.0
X_1885,0.0
X_1890,0.0
X_1887,0.0
X_2025,0.0
X_2037,0.0
X_2034,0.0
X_2033,0.0
X_2032,0.0
X_2031,0.0
X_1927,0.0
X_2030,0.0
X_2029,0.0
X_2026,0.0
X_1928,0.0
X_2063,0.0
X_2024,0.0
X_2023,0.0
X_2022,0.0
X_2021,0.0
X_2020,0.0
X_1929,0.0
X_1930,0.0
X_2018,0.0
X_1931,0.0
X_2038,0.0
X_2039,0.0
X_2041,0.0
X_2042,0.0
X_1919,0.0
X_2062,0.0
X_1920,0.0
X_1921,0.0
X_1922,0.0
X_1923,0.0
X_2061,0.0
X_1924,0.0
X_2060,0.0
X_2058,0.0
X_2051,0.0
X_2049,0.0
X_1925,0.0
X_2047,0.0
X_2046,0.0
X_1926,0.0
X_2045,0.0
X_2044,0.0
X_2043,0.0
X_2017,0.0
X_1932,0.0
X_1992,0.0
X_1979,0.0
X_1943,0.0
X_1944,0.0
X_1977,0.0
X_1976,0.0
X_1975,0.0
X_1948,0.0
X_1974,0.0
X_1973,0.0
X_1972,0.0
X_1971,0.0
X_1951,0.0
X_1970,0.0
X_1969,0.0
X_1967,0.0
X_1966,0.0
X_1965,0.0
X_1964,0.0
X_1963,0.0
X_1957,0.0
X_1978,0.0
X_1942,0.0
X_1991,0.0
X_1941,0.0
X_1933,0.0
X_1990,0.0
X_1934,0.0
X_1989,0.0
X_1935,0.0
X_1936,0.0
X_1988,0.0
X_1987,0.0
X_1986,0.0
X_1985,0.0
X_1984,0.0
X_1937,0.0
X_1938,0.0
X_1983,0.0
X_1982,0.0
X_1981,0.0
X_1980,0.0
X_1939,0.0
X_1940,0.0
X_1918,0.0
X_2064,0.0
X_2438,0.0
X_1895,0.0
X_2186,0.0
X_2185,0.0
X_2184,0.0
X_1894,0.0
X_2182,0.0
X_2178,0.0
X_2176,0.0
X_2174,0.0
X_2170,0.0
X_2168,0.0
X_2066,0.0
X_2166,0.0
X_2162,0.0
X_2160,0.0
X_2158,0.0
X_2154,0.0
X_2152,0.0
X_2150,0.0
X_2146,0.0
X_2144,0.0
X_2187,0.0
X_2190,0.0
X_1892,0.0
X_2408,0.0
X_2437,0.0
X_1888,0.0
X_2436,0.0
X_1889,0.0
X_2435,0.0
X_2433,0.0
X_2432,0.0
X_2431,0.0
X_2430,0.0
X_2429,0.0
X_2428,0.0
X_2422,0.0
X_2421,0.0
X_2418,0.0
X_2416,0.0
X_2415,0.0
X_1891,0.0
X_2413,0.0
X_2410,0.0
X_2142,0.0
X_2138,0.0
X_2136,0.0
X_1905,0.0
X_2093,0.0
X_2085,0.0
X_1907,0.0
X_1908,0.0
X_2084,0.0
X_1910,0.0
X_2083,0.0
X_2081,0.0
X_1911,0.0
X_2080,0.0
X_2078,0.0
X_2076,0.0
X_1912,0.0
X_1913,0.0
X_1914,0.0
X_1915,0.0
X_2069,0.0
X_1916,0.0
X_2067,0.0
X_1906,0.0
X_2094,0.0
X_1896,0.0
X_1904,0.0
X_2134,0.0
X_2130,0.0
X_2128,0.0
X_2126,0.0
X_2122,0.0
X_1897,0.0
X_2120,0.0
X_2118,0.0
X_2114,0.0
X_2112,0.0
X_2099,0.0
X_1898,0.0
X_1899,0.0
X_2098,0.0
X_1900,0.0
X_2097,0.0
X_2095,0.0
X_1902,0.0
X_1903,0.0
X_1,0.0
X_1174,0.0
X_1739,0.0
X_810,0.0
X_338,0.0
X_339,0.0
X_341,0.0
X_357,0.0
X_358,0.0
X_360,0.0
X_361,0.0
X_362,0.0
X_364,0.0
X_366,0.0
X_368,0.0
X_370,0.0
X_372,0.0
X_373,0.0
X_380,0.0
X_393,0.0
X_400,0.0
X_406,0.0
X_408,0.0
X_412,0.0
X_414,0.0
X_418,0.0
X_441,0.0
X_444,0.0
X_450,0.0
X_337,0.0
X_332,0.0
X_331,0.0
X_295,0.0
X_271,0.0
X_272,0.0
X_275,0.0
X_276,0.0
X_279,0.0
X_280,0.0
X_284,0.0
X_288,0.0
X_291,0.0
X_293,0.0
X_294,0.0
X_296,0.0
X_321,0.0
X_297,0.0
X_298,0.0
X_299,0.0
X_302,0.0
X_303,0.0
X_304,0.0
X_305,0.0
X_306,0.0
X_310,0.0
X_311,0.0
X_320,0.0
X_451,0.0
X_463,0.0
X_464,0.0
X_770,0.0
X_683,0.0
X_685,0.0
X_689,0.0
X_690,0.0
X_699,0.0
X_704,0.0
X_706,0.0
X_758,0.0
X_765,0.0
X_767,0.0
X_768,0.0
X_779,0.0
X_624,0.0
X_781,0.0
X_782,0.0
X_784,0.0
X_787,0.0
X_797,0.0
X_798,0.0
X_799,0.0
X_800,0.0
X_803,0.0
X_804,0.0
X_807,0.0
X_666,0.0
X_610,0.0
X_470,0.0
X_563,0.0
X_472,0.0
X_475,0.0
X_479,0.0
X_509,0.0
X_511,0.0
X_522,0.0
X_529,0.0
X_533,0.0
X_542,0.0
X_550,0.0
X_560,0.0
X_568,0.0
X_603,0.0
X_569,0.0
X_570,0.0
X_575,0.0
X_576,0.0
X_577,0.0
X_579,0.0
X_580,0.0
X_593,0.0
X_595,0.0
X_596,0.0
X_597,0.0
X_269,0.0
X_268,0.0
X_266,0.0
X_148,0.0
X_127,0.0
X_129,0.0
X_133,0.0
X_134,0.0
X_137,0.0
X_138,0.0
X_139,0.0
X_140,0.0
X_141,0.0
X_143,0.0
X_144,0.0
X_149,0.0
X_115,0.0
X_150,0.0
X_151,0.0
X_152,0.0
X_153,0.0
X_155,0.0
X_156,0.0
X_157,0.0
X_159,0.0
X_160,0.0
X_161,0.0
X_163,0.0
X_121,0.0
X_114,0.0
X_165,0.0
X_46,0.0
X_3,0.0
X_5,0.0
X_7,0.0
X_8,0.0
X_9,0.0
X_15,0.0
X_21,0.0
X_24,0.0
X_38,0.0
X_39,0.0
X_40,0.0
X_48,0.0
X_113,0.0
X_49,0.0
X_50,0.0
X_51,0.0
X_53,0.0
X_54,0.0
X_55,0.0
X_57,0.0
X_64,0.0
X_66,0.0
X_86,0.0
X_95,0.0
X_164,0.0
X_167,0.0
X_265,0.0
X_231,0.0
X_216,0.0
X_217,0.0
X_218,0.0
X_220,0.0
X_221,0.0
X_222,0.0
X_224,0.0
X_226,0.0
X_227,0.0
X_228,0.0
X_230,0.0
X_233,0.0
X_213,0.0
X_236,0.0
X_237,0.0
X_238,0.0
X_242,0.0
X_245,0.0
X_246,0.0
X_247,0.0
X_250,0.0
X_251,0.0
X_253,0.0
X_254,0.0
X_215,0.0
X_212,0.0
X_168,0.0
X_185,0.0
X_169,0.0
X_172,0.0
X_173,0.0
X_175,0.0
X_176,0.0
X_177,0.0
X_179,0.0
X_180,0.0
X_181,0.0
X_183,0.0
X_184,0.0
X_189,0.0
X_211,0.0
X_196,0.0
X_198,0.0
X_199,0.0
X_200,0.0
X_202,0.0
X_203,0.0
X_204,0.0
X_206,0.0
X_207,0.0
X_208,0.0
X_209,0.0
X_809,0.0
X_811,0.0
X_1738,0.0
X_822,0.0
X_1533,0.0
X_1535,0.0
X_1539,0.0
X_1541,0.0
X_1545,0.0
X_1546,0.0
X_1549,0.0
X_1553,0.0
X_1555,0.0
X_1559,0.0
X_1562,0.0
X_1564,0.0
X_1565,0.0
X_1567,0.0
X_1568,0.0
X_1583,0.0
X_1585,0.0
X_1586,0.0
X_1589,0.0
X_1590,0.0
X_1591,0.0
X_1592,0.0
X_1593,0.0
X_1594,0.0
X_1595,0.0
X_1528,0.0
X_1527,0.0
X_1523,0.0
X_1382,0.0
X_1277,0.0
X_1278,0.0
X_1281,0.0
X_1284,0.0
X_1285,0.0
X_1294,0.0
X_1302,0.0
X_1353,0.0
X_1360,0.0
X_1372,0.0
X_1377,0.0
X_1398,0.0
X_1519,0.0
X_1407,0.0
X_1411,0.0
X_1412,0.0
X_1413,0.0
X_1414,0.0
X_1417,0.0
X_1421,0.0
X_1425,0.0
X_1429,0.0
X_1431,0.0
X_1518,0.0
X_1596,0.0
X_1597,0.0
X_1598,0.0
X_1705,0.0
X_1663,0.0
X_1665,0.0
X_1670,0.0
X_1672,0.0
X_1673,0.0
X_1674,0.0
X_1682,0.0
X_1686,0.0
X_1690,0.0
X_1703,0.0
X_1704,0.0
X_1706,0.0
X_1660,0.0
X_1708,0.0
X_1710,0.0
X_1712,0.0
X_1715,0.0
X_1717,0.0
X_1718,0.0
X_1725,0.0
X_1726,0.0
X_1730,0.0
X_1734,0.0
X_1737,0.0
X_1662,0.0
X_1659,0.0
X_1599,0.0
X_1626,0.0
X_1600,0.0
X_1601,0.0
X_1603,0.0
X_1605,0.0
X_1606,0.0
X_1607,0.0
X_1608,0.0
X_1617,0.0
X_1621,0.0
X_1624,0.0
X_1625,0.0
X_1627,0.0
X_1656,0.0
X_1631,0.0
X_1633,0.0
X_1635,0.0
X_1636,0.0
X_1640,0.0
X_1641,0.0
X_1643,0.0
X_1648,0.0
X_1650,0.0
X_1653,0.0
X_1654,0.0
X_1276,0.0
X_1272,0.0
X_1271,0.0
X_998,0.0
X_909,0.0
X_938,0.0
X_940,0.0
X_944,0.0
X_974,0.0
X_979,0.0
X_981,0.0
X_984,0.0
X_990,0.0
X_991,0.0
X_997,0.0
X_1009,0.0
X_906,0.0
X_1010,0.0
X_1027,0.0
X_1028,0.0
X_1031,0.0
X_1035,0.0
X_1038,0.0
X_1040,0.0
X_1041,0.0
X_1042,0.0
X_1047,0.0
X_1050,0.0
X_908,0.0
X_905,0.0
X_1063,0.0
X_863,0.0
X_823,0.0
X_826,0.0
X_828,0.0
X_829,0.0
X_832,0.0
X_837,0.0
X_839,0.0
X_840,0.0
X_851,0.0
X_856,0.0
X_860,0.0
X_868,0.0
X_904,0.0
X_869,0.0
X_870,0.0
X_871,0.0
X_877,0.0
X_882,0.0
X_891,0.0
X_892,0.0
X_893,0.0
X_900,0.0
X_902,0.0
X_903,0.0
X_1057,0.0
X_1067,0.0
X_1267,0.0
X_1231,0.0
X_1177,0.0
X_1180,0.0
X_1182,0.0
X_1184,0.0
X_1187,0.0
X_1193,0.0
X_1200,0.0
X_1218,0.0
X_1222,0.0
X_1228,0.0
X_1230,0.0
X_1232,0.0
X_1171,0.0
X_1233,0.0
X_1235,0.0
X_1237,0.0
X_1242,0.0
X_1245,0.0
X_1246,0.0
X_1247,0.0
X_1254,0.0
X_1259,0.0
X_1264,0.0
X_1266,0.0
X_1175,0.0
X_1170,0.0
X_1068,0.0
X_1133,0.0
X_1069,0.0
X_1074,0.0
X_1076,0.0
X_1086,0.0
X_1087,0.0
X_1096,0.0
X_1097,0.0
X_1104,0.0
X_1116,0.0
X_1117,0.0
X_1131,0.0
X_1135,0.0
X_1160,0.0
X_1138,0.0
X_1139,0.0
X_1141,0.0
X_1142,0.0
X_1143,0.0
X_1144,0.0
X_1148,0.0
X_1149,0.0
X_1150,0.0
X_1151,0.0
X_1156,0.0
X_2843,0.0
