feature,correlation
X_2787,-0.3297511846159446
X_1834,-0.3033351825232648
X_1833,-0.2936839620133133
X_2790,-0.28306892945824097
X_2779,-0.2827848649900022
X_2841,-0.2714514355780971
X_240,-0.26817514791766967
X_265,-0.26117523862702363
X_2789,-0.2610511663353513
X_1859,-0.2607397975261734
X_267,-0.25546787157864076
X_285,-0.2526163365736721
X_266,-0.24730133188156964
X_2187,-0.24636227234605923
X_1954,-0.2349758257105629
X_1966,-0.234131503578593
X_2061,-0.23308856578757456
X_335,-0.23192290265627138
X_2793,-0.2280290603330729
X_1619,-0.22610944037726313
X_2791,-0.21270867103963675
X_287,-0.21248668754102468
X_2788,-0.21213827126613533
X_1849,-0.21188276238205117
X_1965,-0.21045412458652432
X_2082,-0.20386275306216478
X_2728,-0.19838061399514118
X_2058,-0.19800425581801678
X_1351,-0.19752161077124822
X_1818,-0.19283043570688368
X_1953,-0.18624377795097563
X_2780,-0.1859600732264421
X_309,-0.18347570911926347
X_2799,-0.18259031844434465
X_2094,-0.18031122337274746
X_2096,-0.17952518800500591
X_1850,-0.1794642298276867
X_2705,-0.17895940544155411
X_157,-0.1772588200202452
X_1603,-0.1754094722573293
X_2084,-0.17506746784515517
X_1424,-0.17482114051098266
X_364,-0.17308181748409235
X_1734,-0.17252263719506283
X_1865,-0.17078050748611837
X_1340,-0.17015151236626383
X_366,-0.16998277002637502
X_976,-0.16981959722927845
X_1162,-0.1691605916307201
X_1970,-0.16849303474862332
X_1978,-0.1683165582860959
X_1984,-0.1682266644226419
X_2032,-0.1682266644226419
X_1988,-0.16820309329955305
X_1287,-0.16581711021111287
X_367,-0.16377307792961862
X_368,-0.1636718524100807
X_1730,-0.16300579363270454
X_268,-0.16242458483532368
X_1946,-0.16187104629264565
X_1416,-0.16183151232832402
X_2704,-0.16157077563166297
X_365,-0.16127346078904625
X_2066,-0.16118032208457853
X_1668,-0.16073708361799366
X_2438,-0.16072052699644881
X_2064,-0.16015608315120505
X_1620,-0.15932682203673934
X_1794,-0.15731646106885092
X_2038,-0.15606620518284495
X_1982,-0.15575799270511717
X_2030,-0.1557579783387737
X_1976,-0.1554915085985549
X_333,-0.15371823108887564
X_1718,-0.1533919663935245
X_2024,-0.1532788737190686
X_177,-0.15327595389884982
X_1093,-0.15279525163285596
X_1350,-0.15260731382142861
X_977,-0.15254431482800868
X_1530,-0.15075174057719304
X_1647,-0.14995531702855758
X_306,-0.14926239192162238
X_2748,-0.14924630502487374
X_2554,-0.14828999155493358
X_2792,-0.14782794482919107
X_1768,-0.14754309506510613
X_242,-0.147002340095616
X_1732,-0.1459327639703788
X_1604,-0.14554924552254198
X_1425,-0.1444475068326571
X_2098,-0.1442371397833602
X_2453,-0.14402102291030747
X_90,-0.1437583308512691
X_1990,-0.1434176319578314
X_2068,-0.14321250215188883
X_1974,-0.14308109338807382
X_2034,-0.14292692248651578
X_1986,-0.14292692248651578
X_1980,-0.1428901443503248
X_954,-0.14257872998399496
X_1992,-0.14234957540446236
X_1979,-0.14230757531755195
X_1972,-0.14203862257406694
X_1629,-0.14073843140974993
X_2191,-0.14008061264355223
X_1358,-0.13997085842366733
X_1286,-0.13986301753075397
X_1821,-0.13936071508085934
X_2415,-0.1393426025566327
X_1643,-0.13870918820297193
X_339,-0.13810553642635412
X_1819,-0.13738001622143253
X_1560,-0.13687799357718308
X_1518,-0.13649207570112812
X_1628,-0.13511876984286922
X_2729,-0.13443942374928608
X_1054,-0.134055231616268
X_295,-0.13302980253660776
X_286,-0.13219876727167584
X_1147,-0.13163527177166645
X_2715,-0.13153296790643748
X_1082,-0.13068371232079373
X_949,-0.13036764114334773
X_1036,-0.12977640573188037
X_1418,-0.12911072865014905
X_1607,-0.12910126768401756
X_1608,-0.1291009809191254
X_1624,-0.1289337418629596
X_1641,-0.1288505299153866
X_1043,-0.12877759505164946
X_1110,-0.12869083457105343
X_1083,-0.12845159313845098
X_1549,-0.12748814036547879
X_1264,-0.1273338489308283
X_1517,-0.12724483851850413
X_2018,-0.1271033003047456
X_1630,-0.12709248633368767
X_1123,-0.126863835202001
X_1026,-0.12676210150385253
X_1120,-0.12675389907395931
X_2551,-0.12648228864723898
X_1548,-0.12612933177489652
X_1028,-0.1258881896694646
X_2454,-0.12587987911692347
X_1109,-0.12584545294888633
X_1355,-0.12532074044451272
X_1541,-0.12484160797670943
X_1538,-0.12481213730445175
X_1539,-0.12480326464128526
X_1627,-0.12472595374786259
X_1595,-0.12415205893673578
X_1136,-0.1237873923611829
X_2080,-0.1234023713338564
X_1626,-0.12332728007226171
X_1231,-0.12281794752465681
X_1285,-0.12254947549069593
X_1359,-0.1221653433660535
X_121,-0.12208461396394596
X_380,-0.12207684323414054
X_1642,-0.12199257579248698
X_1161,-0.1218055524820286
X_1610,-0.1217735556310583
X_1665,-0.12171830874878696
X_1813,-0.12117824797348974
X_1339,-0.12117453906838979
X_1696,-0.12111525693806889
X_1631,-0.12055628977561768
X_1717,-0.12024759429830138
X_1349,-0.11952357738205184
X_1697,-0.11944785977941859
X_1187,-0.11815281891702897
X_1804,-0.1181430490594171
X_1053,-0.11802368308438836
X_1208,-0.11776554618564865
X_1091,-0.11775873491828234
X_1217,-0.11751514258180198
X_120,-0.1174401517712549
X_290,-0.11736849971930402
X_1085,-0.11734874322793622
X_1806,-0.11713078861764142
X_1221,-0.11700349343198146
X_2796,-0.11668624872437527
X_1973,-0.11659059622206878
X_1547,-0.11651237858911843
X_1118,-0.11649078515867733
X_1247,-0.11635978235368412
X_2059,-0.11601424825464472
X_1534,-0.11585069748137206
X_1037,-0.1156811425843619
X_1562,-0.1154086036131806
X_156,-0.11519233256350166
X_2441,-0.11518915131131845
X_1428,-0.11423599550739745
X_1625,-0.11371665871919777
X_1800,-0.11356739368372602
X_2762,-0.11200144096499617
X_1588,-0.11198747233500372
X_1112,-0.1112346688562065
X_1593,-0.11118600229237895
X_1587,-0.11103945145379716
X_1344,-0.110619376385472
X_1601,-0.11021270893064032
X_352,-0.11015329260933805
X_1599,-0.10981943614166254
X_2716,-0.10974254090281177
X_1419,-0.10950399515980715
X_1521,-0.10939226593782247
X_1598,-0.10923244227303466
X_1096,-0.10921414328274555
X_1651,-0.10909983836745173
X_2843,-0.10895700923043443
X_2028,-0.10873042723035965
X_1857,-0.10859942748655214
X_1666,-0.10842759395206457
X_1591,-0.10833903546359702
X_1770,-0.1079300458371335
X_361,-0.10764516214568107
X_2717,-0.10763819937477517
X_963,-0.10761634972043257
X_1602,-0.10711707611918711
X_1145,-0.10706146386499198
X_1820,-0.10662831487926905
X_1045,-0.1062836462337942
X_1238,-0.1056615188787451
X_1261,-0.10559649579839571
X_1600,-0.10506824125947227
X_1597,-0.1050161499176597
X_2057,-0.10500223323061351
X_1429,-0.10494623011435908
X_1519,-0.10404175171450451
X_1060,-0.10393015983716962
X_1559,-0.1038943886372954
X_1062,-0.10380828400983705
X_1609,-0.1034936938470575
X_1596,-0.10346151220428888
X_1635,-0.1033055717497272
X_1414,-0.10326796033700306
X_2449,-0.10325663451979113
X_1410,-0.1031420030581395
X_2041,-0.10310542504708793
X_1415,-0.10279255034860892
X_1417,-0.10273631170858777
X_1985,-0.102713902989068
X_2033,-0.102713902989068
X_1423,-0.10266416531457559
X_1411,-0.10254526842992236
X_1618,-0.10236219472399703
X_1592,-0.10230112015330216
X_1636,-0.1015970862054799
X_1413,-0.1015432850226854
X_341,-0.10098184185926226
X_1139,-0.10002614869060457
X_1672,-0.0996616471112179
X_1705,-0.09961518890373436
X_1652,-0.09901732329013507
X_1183,-0.09869181445526133
X_2022,-0.0985925506916013
X_1174,-0.09840712044738152
X_1218,-0.09820544556213809
X_1019,-0.09817704832633518
X_1412,-0.09790602199808413
X_1594,-0.09777119809763675
X_962,-0.096833820176742
X_1104,-0.09677400030191714
X_1131,-0.09674538926762828
X_1077,-0.09672621759924338
X_2043,-0.0963029481179401
X_1290,-0.09611697554310587
X_308,-0.09608449180678767
X_1563,-0.09597770956991987
X_960,-0.0946319384605809
X_284,-0.09451313641182758
X_161,-0.09416590479696847
X_1686,-0.09408693861645895
X_1158,-0.09382588035609483
X_350,-0.09362260545273247
X_1586,-0.09335092180572233
X_2751,-0.09252314452755661
X_1637,-0.09233831238179964
X_1991,-0.09186551141729377
X_179,-0.09174898297753355
X_1341,-0.09164555899303797
X_354,-0.09130423908339608
X_1606,-0.090946071754785
X_1640,-0.08903450549321314
X_1832,-0.08872769030438293
X_974,-0.08868797097212416
X_1638,-0.08784829386545762
X_1617,-0.08769257060570636
X_1273,-0.08753354656907078
X_957,-0.08747968399651715
X_1639,-0.08616741674534023
X_1663,-0.08564649546488436
X_2026,-0.08542498933910907
X_176,-0.08497895143155501
X_1282,-0.08489463473968967
X_1193,-0.08483748985404638
X_2042,-0.08465492849114332
X_1421,-0.08409211960237759
X_1961,-0.08391019491054204
X_1391,-0.08388225959971334
X_1150,-0.08373784214368195
X_1288,-0.08341081401767333
X_1950,-0.08315460764458933
X_2766,-0.08247317748649603
X_835,-0.08217321896137222
X_1605,-0.08168536563373452
X_1614,-0.08015096916735935
X_1776,-0.07962772122138324
X_965,-0.07930392470537011
X_2039,-0.0792182502849384
X_2754,-0.07849540674126994
X_961,-0.07830771537428063
X_1736,-0.07802120954342977
X_1738,-0.07802120954342977
X_2763,-0.07735361903971215
X_908,-0.07716383080739718
X_1406,-0.07702718255846563
X_397,-0.0769169809151112
X_1075,-0.07661048805352884
X_1178,-0.0765692051702097
X_1345,-0.0764149336759416
X_2703,-0.07637836220511002
X_1747,-0.07594373547657045
X_1613,-0.07551214035035522
X_1740,-0.07544250619019251
X_1810,-0.07514330099044474
X_757,-0.07489946480207382
X_1213,-0.07383460935217112
X_2774,-0.0735070901956074
X_2773,-0.0735070901956074
X_1728,-0.0735070901956074
X_143,-0.0735070901956074
X_1192,-0.07326888574003051
X_863,-0.07324282448389038
X_1191,-0.07287539427468781
X_1968,-0.07282044138042137
X_1822,-0.07265602060134345
X_1210,-0.07255753955680691
X_964,-0.07250413277737885
X_175,-0.07249673736913306
X_2755,-0.07204764698166159
X_1237,-0.07139853016622434
X_406,-0.07133421695689025
X_1366,-0.07068792809585617
X_1302,-0.07055957831023353
X_43,-0.06982893981657211
X_979,-0.06976474738994269
X_1071,-0.06944482343196308
X_1197,-0.06938640574028464
X_1260,-0.06931041049894535
X_337,-0.06921930282478478
X_160,-0.06750985448920663
X_263,-0.06748407932760299
X_60,-0.06681185030027179
X_2416,-0.06663164816434561
X_356,-0.06594622623177573
X_399,-0.065906248047742
X_854,-0.0658623604561473
X_1222,-0.06550198709117429
X_1816,-0.06529770355248686
X_1258,-0.06526886398277505
X_1792,-0.06493961014237395
X_1268,-0.06492039547405423
X_694,-0.0647945374649169
X_1212,-0.06427572786755925
X_1256,-0.06412858014768122
X_358,-0.06397293888380175
X_461,-0.06373385977765754
X_978,-0.06359563798675544
X_348,-0.06348547857615158
X_1805,-0.06342537966006692
X_1427,-0.06334896677292715
X_973,-0.06312988944730728
X_1294,-0.062103067647704444
X_658,-0.061972584116490835
X_183,-0.061910366874740316
X_153,-0.0618158213460018
X_5,-0.061797949346591094
X_1858,-0.06159603749606351
X_668,-0.061190082622779814
X_866,-0.0594137137494894
X_1798,-0.059390037490766136
X_1277,-0.05917854534083642
X_353,-0.059075894823343654
X_597,-0.0588213819310526
X_1390,-0.05835022593678328
X_129,-0.05830005901501419
X_1708,-0.057884543769088165
X_128,-0.05757431399840434
X_1710,-0.05732026344443679
X_667,-0.05699705731704204
X_1430,-0.056824756498552384
X_1654,-0.056824756498552384
X_1653,-0.056824756498552384
X_756,-0.05666837217065589
X_784,-0.05666532093630543
X_45,-0.056509540918678124
X_683,-0.05639764179203496
X_554,-0.056387453461123095
X_357,-0.05606842327533376
X_464,-0.05551957838315632
X_1745,-0.05512148200965731
X_39,-0.05495316252022431
X_1554,-0.05480888008480475
X_301,-0.05480336698761262
X_532,-0.054615460797494755
X_1748,-0.053963376924191606
X_590,-0.05390164555278196
X_1387,-0.05380635696720005
X_106,-0.05377358869818222
X_454,-0.05308575880174902
X_2745,-0.05300359760325284
X_2432,-0.05295209232152941
X_865,-0.05270712508240865
X_938,-0.0519163732645654
X_932,-0.05110571374258169
X_1716,-0.050742097438855785
X_907,-0.05054642330933844
X_1558,-0.049841852404675584
X_594,-0.04905796062380457
X_677,-0.048992459442346196
X_2459,-0.048863798064724635
X_1817,-0.0488539859016341
X_524,-0.048301949367815095
X_1564,-0.0482937952693794
X_1227,-0.0481337154960563
X_876,-0.0480732404763856
X_1553,-0.04743700198921009
X_1284,-0.04734345308720526
X_2541,-0.04714662175561553
X_1774,-0.04707873246761148
X_38,-0.04665946716159335
X_605,-0.046545726976201414
X_150,-0.04636886970969803
X_2434,-0.0461658614452037
X_2798,-0.04608157674186139
X_164,-0.04583161913790911
X_607,-0.045727866179405295
X_2747,-0.04512433409500414
X_151,-0.04475306598244701
X_1671,-0.04410708954809109
X_612,-0.04378697432092544
X_346,-0.04345179208861598
X_172,-0.043245715564318346
X_931,-0.04250497333028833
X_660,-0.04249836081907779
X_63,-0.042496276374607886
X_439,-0.042042204271697484
X_2050,-0.04201825691547515
X_690,-0.04193250660655962
X_412,-0.041596947904176694
X_331,-0.04157222527149261
X_1365,-0.04143437699792493
X_2743,-0.04139123705363875
X_184,-0.04132740210764072
X_1274,-0.040913468346636485
X_573,-0.04075842886699205
X_393,-0.04074909015422948
X_1956,-0.04048601496954277
X_2,-0.04023991475206042
X_906,-0.04019453071696612
X_624,-0.040048807749639655
X_2430,-0.039836407471888824
X_344,-0.03937029565768293
X_1769,-0.039358443096346486
X_1658,-0.03924021447574495
X_2744,-0.03921820365533269
X_407,-0.038955726312316453
X_578,-0.038896861442617316
X_276,-0.03875966934948331
X_2433,-0.03875966934948331
X_1555,-0.03870893917412829
X_22,-0.03869947290448508
X_2431,-0.038611372489649604
X_149,-0.038590920440046673
X_1659,-0.038588357277927865
X_555,-0.038562744964055325
X_901,-0.03850026700176652
X_1657,-0.03849570771186706
X_1739,-0.03838436854004713
X_574,-0.03838311958753332
X_686,-0.03819580275926148
X_470,-0.038081900727304004
X_438,-0.03804808067851351
X_1169,-0.03804733334177388
X_596,-0.03774042957408035
X_755,-0.03772955277978016
X_1160,-0.03756907595820026
X_599,-0.03745351084306744
X_1660,-0.03733844704936221
X_2767,-0.03725214140089862
X_332,-0.037205010458809404
X_619,-0.03720336342156962
X_509,-0.036864532240002294
X_511,-0.036864532240002294
X_97,-0.03661328407140529
X_1171,-0.036547752550825596
X_1662,-0.03645730154612282
X_1690,-0.03638430942395138
X_1960,-0.036187409407335974
X_564,-0.036148731644941035
X_1775,-0.03587259178961372
X_452,-0.03584138124505258
X_580,-0.03566090443394926
X_948,-0.035611167745686054
X_801,-0.03551460680248168
X_816,-0.035143298535703554
X_233,-0.03492429370105481
X_468,-0.03491651188115049
X_2435,-0.03488601764293465
X_444,-0.034760694018333184
X_618,-0.03473135985852794
X_413,-0.03464719173789411
X_548,-0.03450839150404538
X_2069,-0.03445592676475984
X_1015,-0.034015575859544525
X_463,-0.03387096363350949
X_320,-0.03376929102258563
X_321,-0.03376929102258563
X_821,-0.03365472791646161
X_1016,-0.03330980758540009
X_522,-0.033077403329803794
X_21,-0.033002258666331746
X_446,-0.03288004073035993
X_20,-0.03287895337439839
X_575,-0.03285146267373473
X_171,-0.032836502285654136
X_990,-0.03251138840163776
X_2784,-0.03248444988692353
X_1155,-0.032480697003494007
X_678,-0.03231441337076026
X_855,-0.032181645794783074
X_585,-0.03200491162758375
X_805,-0.031988887155208236
X_1373,-0.031467575785319654
X_123,-0.031458046591668724
X_435,-0.031425349206521604
X_1346,-0.030989093943510373
X_2750,-0.03082878832637525
X_1279,-0.030801504186295823
X_606,-0.030630580751883785
X_829,-0.030593796812027497
X_856,-0.030348691522408995
X_2452,-0.03013037607047332
X_669,-0.03007909194745915
X_904,-0.02993873475416454
X_1546,-0.02991466909391965
X_1545,-0.029876325758495473
X_1544,-0.029837982423071296
X_713,-0.029655139115072573
X_349,-0.02929607592109604
X_338,-0.029122969694188677
X_577,-0.028981395335279395
X_679,-0.028937731256819886
X_113,-0.028933309137312648
X_789,-0.028885948025567435
X_608,-0.028181584518647416
X_492,-0.028139549342373865
X_1182,-0.02813868803007473
X_546,-0.027889161642132718
X_1142,-0.027887909547370093
X_1115,-0.027887909058028227
X_1088,-0.027878468253024133
X_898,-0.02786143836658804
X_839,-0.027687167710320187
X_2184,-0.027400791003730652
X_763,-0.02708735629663255
X_589,-0.02681565998016487
X_830,-0.026714349886303675
X_61,-0.026476606839629855
X_483,-0.02613677524605673
X_811,-0.025971961439932995
X_94,-0.025913954135751493
X_572,-0.025894869242694154
X_867,-0.025485326870488458
X_251,-0.025360159053813617
X_457,-0.025152368864360064
X_109,-0.02500758974238029
X_217,-0.02500071214610944
X_2048,-0.024629202180722974
X_885,-0.024569713264117055
X_1267,-0.024512094403562088
X_2049,-0.024503866238192944
X_670,-0.02438031544499167
X_689,-0.024326603362218743
X_385,-0.024323897158923406
X_877,-0.02410567080078698
X_2450,-0.02389147889952625
X_456,-0.023891377417305532
X_569,-0.02382009258376113
X_1301,-0.02372882407299596
X_471,-0.023599694048645304
X_933,-0.02357673688297735
X_269,-0.02341580341733464
X_717,-0.0233381575781342
X_822,-0.023174956614479884
X_783,-0.023085142115132695
X_110,-0.0229600167021449
X_529,-0.022732429589066915
X_395,-0.02258989784695613
X_496,-0.022305081054594517
X_489,-0.022235688233345294
X_1812,-0.02199524057738683
X_803,-0.021924732498887035
X_552,-0.02183824742075121
X_1746,-0.021605666324474918
X_2020,-0.021536929984983553
X_1040,-0.02120930123116026
X_1057,-0.02120930123116026
X_1074,-0.02120930123116026
X_688,-0.020909185798278412
X_1050,-0.020848187131866886
X_1067,-0.020848187131866886
X_1033,-0.020848187131866886
X_796,-0.020815221976557528
X_2772,-0.02059294822125318
X_671,-0.020583144582163388
X_514,-0.02041080155484198
X_2437,-0.020008781056873495
X_807,-0.019901213714020736
X_437,-0.019847400155351903
X_152,-0.019740063514451973
X_442,-0.01959497667603922
X_453,-0.019538467409264085
X_428,-0.019503427235582443
X_1561,-0.019397992476821172
X_2027,-0.01934665821065517
X_800,-0.01931319368002499
X_148,-0.019131320775474765
X_782,-0.0189862491512533
X_272,-0.01886391912313856
X_185,-0.01886391912313856
X_598,-0.017730659892168567
X_806,-0.017403222366068546
X_520,-0.017352801492330348
X_595,-0.017318409308503913
X_1271,-0.01703035970922796
X_1860,-0.016790971509072775
X_539,-0.016737639698443378
X_799,-0.016516684363673196
X_860,-0.016436543503124484
X_1877,-0.01642132845878745
X_1875,-0.01642132845878745
X_838,-0.01641882000007477
X_797,-0.01636770134514303
X_788,-0.01628997085269293
X_818,-0.016014702214966862
X_545,-0.016005707303921785
X_767,-0.015786454031874453
X_802,-0.015510877178389849
X_565,-0.015336903867985686
X_261,-0.015268443680023119
X_99,-0.015183691650648569
X_1242,-0.015075621767189908
X_414,-0.015071635953893265
X_875,-0.015019798581232754
X_810,-0.01485571315471742
X_98,-0.014739667683149929
X_972,-0.014692377693911546
X_86,-0.014586167311770678
X_447,-0.014544306278295728
X_798,-0.014311696131559004
X_592,-0.014301414905385647
X_681,-0.014242118864576471
X_895,-0.014211698015129367
X_1814,-0.01414494410690237
X_2448,-0.014020977107651926
X_701,-0.013937293064454601
X_1167,-0.01389810598324844
X_1398,-0.013756455719820102
X_1143,-0.013713179155733522
X_1089,-0.013713179155733522
X_1116,-0.013713179155733522
X_493,-0.013698735415968602
X_984,-0.013624020321652013
X_450,-0.013526429714313263
X_394,-0.013354824674407316
X_415,-0.013352040053066769
X_831,-0.013000711681516173
X_939,-0.012941641804267413
X_18,-0.012934865340794452
X_1854,-0.012689885079278115
X_894,-0.012279213038609809
X_862,-0.012265300092182026
X_1706,-0.012236322184794937
X_384,-0.012151044972967293
X_1959,-0.012075064042885794
X_808,-0.011897179585106837
X_768,-0.01184731853699683
X_560,-0.011795180673791603
X_809,-0.011734831480389566
X_473,-0.011732872017868197
X_614,-0.011712065616196133
X_903,-0.01164965033353041
X_2085,-0.011612790398726733
X_896,-0.011493912023783597
X_817,-0.01097678161660841
X_609,-0.010902725363063932
X_562,-0.010795791939440101
X_1337,-0.010727108139291964
X_774,-0.010725140744467915
X_1205,-0.01050738677286412
X_848,-0.010466140068466712
X_985,-0.010452586397883037
X_579,-0.01041686446398536
X_408,-0.010385695233212592
X_498,-0.009922539812462815
X_1128,-0.009910321833466542
X_506,-0.009890773988528638
X_706,-0.009878864120933672
X_530,-0.009650720796092166
X_604,-0.009638751438722453
X_510,-0.00945805251504993
X_436,-0.009420992178518307
X_758,-0.009300433778653036
X_533,-0.009132481121890733
X_462,-0.009023722428646847
X_423,-0.008957007086303577
X_840,-0.00862663650098488
X_566,-0.008574779708388429
X_1369,-0.008561591224248526
X_1379,-0.00849860739337024
X_517,-0.008490194589654564
X_795,-0.008057903302732726
X_593,-0.007947914624681593
X_421,-0.007943722875907088
X_531,-0.007938351430610151
X_1742,-0.007839614636282705
X_833,-0.007576293464851836
X_181,-0.007503071515890397
X_1223,-0.007391492542666946
X_702,-0.00729090419090928
X_1567,-0.007249133308586776
X_576,-0.007217316443063202
X_1200,-0.006979146093194668
X_1270,-0.006651014456470303
X_417,-0.006559372131804699
X_1862,-0.00654996028347601
X_388,-0.0064917224972557445
X_1078,-0.006452386618284463
X_1058,-0.00632160238268201
X_362,-0.006179000071909739
X_832,-0.0061451898561870385
X_1211,-0.005800169334879417
X_422,-0.005740983580532516
X_478,-0.005616135963665283
X_680,-0.005325076919667384
X_1384,-0.0052561180026127405
X_684,-0.005236889232356575
X_17,-0.005118831987788272
X_1743,-0.004856786027892997
X_820,-0.004784536489786977
X_661,-0.00474772690252643
X_708,-0.004717873007970382
X_523,-0.004310814817038084
X_705,-0.004280545910812213
X_58,-0.004094822180372524
X_791,-0.004077834559076209
X_536,-0.003928969051394851
X_490,-0.003819616869347006
X_51,-0.003778461096426853
X_2463,-0.0037509357434983843
X_173,-0.003630062069613224
X_586,-0.0034064870604341626
X_1773,-0.0032851462673734733
X_168,-0.003276706540387075
X_2458,-0.003252857283691414
X_2776,-0.0030600558139170383
X_699,-0.0030600515210148387
X_1715,-0.0030600515210148387
X_167,-0.003010504268397508
X_779,-0.002910341394330491
X_237,-0.002287023350272461
X_481,-0.0022321822450549504
X_2548,-0.0021619732410472765
X_2545,-0.0021619732410472765
X_15,-0.0021619732410472765
X_2185,-0.0021619732410472765
X_115,-0.0021619732410472765
X_685,-0.0021619732410472765
X_591,-0.0021390157566592255
X_868,-0.002072252428784647
X_2839,-0.0019793214766881994
X_883,-0.0017932058348988612
X_1755,-0.0015300279069585191
X_2461,-0.0015300279069585191
X_2460,-0.0015300279069585191
X_416,-0.0014286685982938855
X_600,-0.0012336517903041922
X_707,-0.0012083674935425197
X_703,-0.0011978160305126857
X_893,-0.0011329098338011023
X_891,-0.0011145554589733903
X_892,-0.001096999232101316
X_890,-0.0010786452389459126
X_869,-0.000771430398610737
X_1278,-0.0007081581555605913
X_460,-0.0006746111908352168
X_1540,-0.0005104398544163734
X_611,-0.0004970341074019266
X_846,-0.0004720855408230633
X_448,-0.00042127813572505313
X_704,-0.00036681965516478863
X_622,-1.6114659899016987e-05
X_418,4.744010240327329e-05
X_813,0.00019716059064694942
X_804,0.00032469990921595363
X_275,0.00034568094370226137
X_451,0.0005960328451263096
X_588,0.0007467308270174656
X_443,0.0007570094066554368
X_711,0.0009173671905874309
X_780,0.001003279132413025
X_1235,0.0012840315863856383
X_878,0.0013828861625104414
X_1958,0.0016670873028285604
X_966,0.0017447285713821478
X_2765,0.0018473404027828627
X_1670,0.001965392266507413
X_753,0.0020618189638803076
X_775,0.0020940725763787097
X_118,0.0021183199576115274
X_666,0.0021619732410472765
X_280,0.0021619732410472765
X_404,0.002236130346566975
X_882,0.002465942758189016
X_2758,0.002500623828998923
X_494,0.002526500935707256
X_474,0.0026182850225236025
X_386,0.0027322445186913178
X_495,0.0031496412907652295
X_501,0.0033351517322254822
X_441,0.003460043495010164
X_710,0.003704028695388098
X_662,0.003949187175159885
X_665,0.004195833438443401
X_2443,0.004257624183633413
X_815,0.004271888494546327
X_102,0.004369410753538963
X_1170,0.004569429067785634
X_714,0.004588038036906895
X_389,0.004635359689079278
X_1375,0.004710924048769254
X_479,0.004950722662541819
X_1245,0.005047402445267752
X_482,0.0050659995777505296
X_2756,0.005572925766751099
X_956,0.005873197459363306
X_1669,0.005916284502603631
X_1269,0.006126103143577766
X_95,0.006151152122610346
X_105,0.006338243057824516
X_897,0.006413342708877191
X_387,0.006489638159382855
X_16,0.0065553125952528685
X_1383,0.006654687117724621
X_899,0.006794705413437512
X_1168,0.006934109175415237
X_2771,0.006945887173881166
X_616,0.007125778158676904
X_718,0.007202525973892274
X_499,0.007296672977416881
X_1646,0.007555963796289788
X_700,0.00814867025788425
X_1864,0.008427856977247485
X_584,0.008459129552234483
X_794,0.008537475653838136
X_485,0.00874652170961265
X_2769,0.009024490128937726
X_568,0.0091088951562706
X_2761,0.009155239525921822
X_787,0.009267305863614636
X_837,0.009772165866752265
X_66,0.010116545348737028
X_994,0.010204530126063366
X_995,0.010252423483362246
X_993,0.010300313607027066
X_754,0.010315859874364399
X_557,0.010405307060595661
X_1241,0.010487912562933488
X_850,0.010527907689440971
X_812,0.010643532050196861
X_986,0.010999001206998765
X_2718,0.011120505651789818
X_49,0.011252318622129498
X_2423,0.011661698293628755
X_559,0.01171423445012362
X_420,0.011769205588721972
X_682,0.011976655655685675
X_515,0.012432696781986313
X_180,0.01259052478454838
X_403,0.012660899949897005
X_845,0.013036503408225346
X_472,0.013176699018890677
X_826,0.013180546369565466
X_772,0.013955601453500178
X_2446,0.01416548201701382
X_824,0.014216610515944153
X_9,0.014586167311770678
X_398,0.014592492103285726
X_419,0.014774634915225937
X_7,0.014958745291580871
X_518,0.015164295168771309
X_400,0.01522951960268524
X_101,0.015430127537565917
X_542,0.01554644094729206
X_484,0.01594306055758837
X_940,0.016362036048434097
X_587,0.016680864751369488
X_298,0.01689910804676978
X_785,0.016906945849988527
X_40,0.01692852879509759
X_125,0.01699514455440823
X_771,0.016996585434572498
X_127,0.01716099129316801
X_126,0.017249655511197275
X_651,0.0172590751545449
X_2710,0.017483024709873264
X_59,0.017570721971654095
X_458,0.017596595683526516
X_486,0.017653771851867547
X_1014,0.017728211136940168
X_823,0.01774789240047953
X_712,0.01777547837711955
X_841,0.017910306782774867
X_582,0.018010001011112976
X_1,0.018184975200749694
X_1272,0.01822665793617197
X_2794,0.018262209638077908
X_146,0.018397835180775816
X_766,0.01863319043721486
X_1240,0.018704816142294446
X_502,0.01971702019112149
X_401,0.020022562670319734
X_476,0.02007035327387692
X_107,0.02007657611069141
X_900,0.02015913239809494
X_42,0.020241071036081547
X_792,0.02025051891196229
X_884,0.020583772494476793
X_2749,0.020698408415720352
X_828,0.02090241645959339
X_57,0.020945788186044565
X_765,0.0211299014370353
X_537,0.021165764403259506
X_1380,0.021247325440329187
X_64,0.021301713448489506
X_2442,0.021318095305291246
X_1843,0.021564841655362602
X_155,0.0216325242330931
X_1009,0.0216582217447085
X_1246,0.02178455342361817
X_1388,0.021812109378006744
X_819,0.022106712143764713
X_396,0.022783662212009805
X_405,0.022886411720826175
X_550,0.022956119231069525
X_2186,0.022996023871614313
X_54,0.023081583641912522
X_402,0.02340921134926798
X_55,0.02380155444257797
X_571,0.02385324042103767
X_2746,0.02429881466368567
X_538,0.024301048157864696
X_141,0.024341341064830296
X_1397,0.02439841717612572
X_781,0.024673661263076845
X_283,0.024803209262895483
X_716,0.024909744026101046
X_47,0.025026017477213894
X_513,0.025175540304659693
X_2067,0.02536953089029635
X_613,0.02591483846572023
X_770,0.025935673085640466
X_870,0.026228651864927448
X_2427,0.026490318588211808
X_2051,0.026502071799751635
X_2426,0.026503106350533726
X_2540,0.026590239929140794
X_1266,0.026622763632949815
X_2736,0.027180154959439453
X_2840,0.0274291095629839
X_48,0.02742926611917613
X_1791,0.027555532511726332
X_2455,0.027560334236788924
X_46,0.027577037314560023
X_1296,0.027613270695980397
X_996,0.02766736307258265
X_997,0.02768686308490565
X_998,0.02768686308490565
X_1291,0.0280667596204868
X_902,0.028133458814738593
X_1713,0.028220917471350936
X_563,0.02825185345250047
X_1947,0.02847841336807338
X_2709,0.028538038529655654
X_2797,0.028933021238811554
X_852,0.028977546229242444
X_117,0.029242921981360328
X_440,0.029291692948851093
X_50,0.029388261405511977
X_1761,0.02998404215344452
X_1342,0.03001961106522569
X_1408,0.030220807082809695
X_12,0.03034640277587732
X_842,0.03060015952866351
X_477,0.030736860115617243
X_543,0.03100197751638386
X_2837,0.03150173832645132
X_1655,0.03150298501332483
X_659,0.03179234040946015
X_615,0.031838646721704215
X_500,0.03191062209360292
X_709,0.03228858477053446
X_1855,0.03252177897099715
X_13,0.03260060482125689
X_11,0.03263095432796386
X_556,0.03282558269291354
X_663,0.03322279579803492
X_2770,0.03336541873239784
X_1797,0.03359510134835902
X_790,0.03365968249138233
X_1076,0.03372979738470074
X_254,0.03376929102258563
X_253,0.03392963589321336
X_2078,0.034700697617506354
X_2114,0.03529956556321247
X_1957,0.03571261090363944
X_103,0.03572069642183674
X_114,0.03577991046459429
X_1199,0.03604631181625845
X_1382,0.036117025311387184
X_698,0.036276631305106805
X_544,0.036439576631464465
X_953,0.03659272507599527
X_52,0.03683001383964601
X_814,0.03709972575221132
X_2785,0.03730526465526008
X_1377,0.0373109765613504
X_623,0.037557962296878925
X_516,0.03770236234573427
X_2422,0.03859856920374412
X_139,0.03864870718475301
X_475,0.038928394521982004
X_2735,0.03920648981039299
X_581,0.03968503926335351
X_140,0.03972703424749388
X_2734,0.03972703424749388
X_2421,0.03977677877184609
X_1725,0.039825429388197754
X_825,0.04014431209642083
X_905,0.04028769450458464
X_2447,0.04029130968777341
X_119,0.04047716875672683
X_793,0.04080154943665435
X_1376,0.040944015856895236
X_24,0.04103200741352556
X_2445,0.04126017721738153
X_2097,0.041291457515500646
X_851,0.041411107733593244
X_111,0.04155433719537294
X_769,0.0417630921024629
X_1368,0.04196873431373569
X_2542,0.04203624748589646
X_853,0.04224812907956884
X_1372,0.04324014657417822
X_497,0.043265974868676345
X_602,0.043481335406783325
X_674,0.043743037237478605
X_44,0.04378859536258756
X_2711,0.04384471985525459
X_975,0.0445377193852909
X_610,0.04501122892198061
X_8,0.045179755752574845
X_41,0.045677472870947984
X_1347,0.04655558584149806
X_553,0.046677972423495466
X_1233,0.047525182275262666
X_675,0.047892353100512104
X_827,0.04790238051796964
X_2726,0.047908478704496396
X_1283,0.04795985042150059
X_967,0.048156154304760584
X_1002,0.04849316308769812
X_53,0.04883089273866573
X_2076,0.04887311522388008
X_169,0.048936094838435744
X_65,0.04895694377980307
X_2725,0.04912972175720574
X_2752,0.049634695709157496
X_2436,0.049899988561935275
X_262,0.05000428071162856
X_246,0.05015478828523574
X_687,0.05081177306724148
X_1378,0.051589436681219625
X_1152,0.05189205354315756
X_491,0.05247173824122156
X_2739,0.05252114583032028
X_1374,0.05311484376158095
X_693,0.05369034715618512
X_1767,0.05396506918056535
X_62,0.05400643012513677
X_2759,0.05448986843301341
X_507,0.05560079324474641
X_2456,0.055694373782691084
X_570,0.05574432643508472
X_1535,0.055857590217922616
X_1230,0.056235781777137686
X_1204,0.05641270178599968
X_56,0.0567486068976083
X_664,0.056772133910116714
X_1226,0.05727127022712611
X_1726,0.05755530242727612
X_1623,0.05811084462857818
X_2795,0.05826226707953881
X_1856,0.05835708457623348
X_1257,0.05835912609904982
X_1001,0.05841145235342545
X_999,0.05846577406717604
X_1000,0.058466053918552544
X_1017,0.05851061254297012
X_1370,0.05888351318951976
X_2412,0.05925105014862411
X_947,0.05943205159984649
X_144,0.059501813767840424
X_2413,0.05975146528592075
X_1336,0.06032428021991507
X_909,0.06057535574345874
X_601,0.0608993674357142
X_1263,0.061050245233735305
X_2719,0.061556259630378155
X_1381,0.06195220181512762
X_1863,0.062392986006625385
X_991,0.0624163198069544
X_198,0.06267477149408097
X_215,0.06280876207267452
X_1360,0.06281484509186028
X_230,0.06296418404578012
X_871,0.06310246016361504
X_2720,0.06337293380512808
X_212,0.06338821483412413
X_1215,0.06343368219846408
X_1673,0.0634728870430556
X_1895,0.06348486708168045
X_1927,0.06352222527126283
X_603,0.06401244623519399
X_1921,0.06413560776304388
X_289,0.06464150535215422
X_1214,0.06466537151776962
X_1239,0.06466634467396319
X_2764,0.06478257946161056
X_236,0.0648241990874291
X_124,0.0653037480668429
X_163,0.06584099410391385
X_2464,0.06595158699852223
X_1098,0.06605163742577952
X_1013,0.0661958113269393
X_1051,0.06633185920599634
X_1232,0.0664155731741873
X_1565,0.06654822331727529
X_165,0.06724355166148382
X_345,0.06733300272358636
X_2429,0.06736360195192362
X_1737,0.06736360195192362
X_1371,0.06749825006310571
X_2044,0.06753722102968808
X_2428,0.06814124287234209
X_1735,0.06814124287234209
X_1280,0.06923876620825727
X_2457,0.06957555419419417
X_299,0.06960516518210742
X_1656,0.06970471245174553
X_2465,0.07008810999430747
X_968,0.07009051478557068
X_1100,0.07079900560402831
X_1528,0.07130229366420053
X_1779,0.07134511695456013
X_2060,0.07134511695456013
X_1527,0.07136009481163101
X_1526,0.07137926773181646
X_2786,0.07170774596856683
X_2781,0.07267476902298574
X_1386,0.07271604311289816
X_1887,0.0730849757164767
X_1682,0.07345474764515574
X_1785,0.0735070901956074
X_360,0.0735070901956074
X_2409,0.0743495701886001
X_1064,0.0743885310675398
X_2047,0.07440670925383228
X_2046,0.07441561181375433
X_1780,0.07487519108920285
X_946,0.07528701579436907
X_1209,0.07550445560947361
X_1566,0.07566391804710643
X_2768,0.07591624423512058
X_238,0.07689932011199872
X_2757,0.07729226815694658
X_1087,0.07744610025063901
X_1127,0.07752135511481376
X_1201,0.07851233849657682
X_1063,0.07854327396901269
X_2740,0.0787238506910694
X_1046,0.07890029418390958
X_1102,0.07911419896374082
X_294,0.07915956530306974
X_271,0.0794442866388395
X_1141,0.07973738441898313
X_2783,0.08069773403487823
X_2083,0.08092959618486277
X_1924,0.0812699698985881
X_1930,0.0812699698985881
X_1926,0.0812699698985881
X_1704,0.08201038952353117
X_1622,0.08218125223714438
X_311,0.08218359422146806
X_943,0.08237994843140388
X_773,0.08274326422779527
X_1679,0.08290777722088008
X_2408,0.0831426358501181
X_133,0.0839635262606495
X_1276,0.08409155772346125
X_300,0.08466838444277411
X_1815,0.08480979874676432
X_1234,0.08516257753641467
X_1259,0.08546134336446727
X_1621,0.08554524599534324
X_1275,0.08588956937063152
X_1799,0.08599050982970412
X_1757,0.0861227807330261
X_247,0.0870924854936348
X_945,0.08723572377142699
X_944,0.0876587848369135
X_1154,0.08789959673652284
X_1265,0.08799468626977583
X_370,0.08832866573753365
X_1786,0.08869605289882432
X_1101,0.08915562591910724
X_1557,0.08923528266334084
X_1047,0.08929642179017895
X_1194,0.08937956449503139
X_1556,0.08943665164567968
X_1224,0.0896263682072144
X_1385,0.08971184187143429
X_786,0.09009957426397758
X_1107,0.09031243564153824
X_1292,0.09036712370270221
X_1030,0.09060360150051197
X_2777,0.09143838585523535
X_2045,0.09161769885595675
X_1648,0.09183430965953421
X_1140,0.09236014605248878
X_1122,0.09242123978775882
X_1585,0.09259345639402028
X_2714,0.092642108517993
X_1225,0.09276576741113778
X_159,0.09295224832805858
X_2439,0.09334569888617293
X_1079,0.0934062123358165
X_1133,0.09377449722914534
X_296,0.09419089842079416
X_1086,0.09434712485578803
X_291,0.09449575508557338
X_1034,0.09492486487967074
X_1861,0.09510458181866406
X_1029,0.09528763054697323
X_1177,0.09542222740766074
X_1125,0.09544743870354085
X_297,0.0954977802591679
X_1262,0.09593909225697198
X_1156,0.0959683387212205
X_1633,0.09598349917512104
X_1744,0.09607303391167651
X_959,0.09615746399970959
X_1106,0.09624400966384968
X_279,0.09631301871028138
X_2410,0.09631331267288275
X_1809,0.09631974881424751
X_1129,0.09733801632527983
X_1135,0.09747821338511566
X_1590,0.09786678164972255
X_1589,0.09786678164972255
X_1409,0.09786678164972255
X_1202,0.09794442387344215
X_1018,0.09813455080117395
X_1297,0.09868612833556666
X_942,0.0987346335084698
X_1867,0.09918732797709184
X_1184,0.09921696979926238
X_1868,0.09935537938410408
X_250,0.09945125773877113
X_305,0.0999280785091306
X_1108,0.10001059420746862
X_1081,0.10026814029592986
X_1244,0.10040101077117415
X_1176,0.10044094982579331
X_1195,0.10098630080133376
X_2778,0.10121247242724898
X_941,0.10126115425834835
X_1068,0.10128234891747014
X_293,0.10151242356591915
X_1113,0.10176155070310045
X_1649,0.10187309080724409
X_1694,0.1027058047726927
X_1338,0.10273658398984406
X_1094,0.1030838906759752
X_1065,0.10331597511473861
X_1069,0.1034139311224361
X_1207,0.10351013490787082
X_228,0.10373854654531027
X_2722,0.10375931730229089
X_1048,0.10390034199368985
X_1523,0.1040418976731793
X_2451,0.10413570458255693
X_1031,0.1048174113370337
X_1084,0.1048185266399041
X_1095,0.10491156117032163
X_1885,0.10494435507087788
X_231,0.10543435552024132
X_203,0.10545363166556115
X_199,0.1054731521742712
X_1295,0.10557704619206341
X_208,0.10564562319228332
X_227,0.10568503323029634
X_207,0.10568588024672264
X_2440,0.10594563055210234
X_1904,0.10614150596576284
X_1942,0.10614150596576284
X_1916,0.10614150596576284
X_1918,0.10614150596576284
X_1922,0.10614150596576284
X_1886,0.10614150596576284
X_1928,0.10614150596576284
X_1884,0.10614150596576284
X_1880,0.10614150596576284
X_1874,0.10614150596576284
X_1932,0.10614150596576284
X_1934,0.10614150596576284
X_1936,0.10614150596576284
X_1906,0.10614150596576284
X_1940,0.10614150596576284
X_1896,0.10626473667099882
X_1910,0.10626473667099882
X_1912,0.10626473667099882
X_1888,0.10626473667099882
X_1908,0.10626473667099882
X_1902,0.10626473667099882
X_1900,0.10626473667099882
X_1898,0.10626473667099882
X_1920,0.10626473667099882
X_1894,0.10626473667099882
X_1892,0.10626473667099882
X_1905,0.10626476981300266
X_211,0.10630387985533074
X_224,0.1063043406464504
X_1138,0.10635014408635318
X_1938,0.10638796737623482
X_1876,0.10638796737623482
X_1890,0.10638796737623482
X_1882,0.10638796737623482
X_1944,0.10638796737623482
X_1914,0.10638796737623482
X_1878,0.10638796737623482
X_1911,0.10649702607491737
X_2099,0.10694616523817854
X_1881,0.10712233138420849
X_1943,0.10724502894168549
X_1919,0.10747639201626245
X_1343,0.10763428122006705
X_138,0.10779897924551321
X_137,0.10808916444570274
X_136,0.10813731133984672
X_220,0.10817846345500616
X_1552,0.10824207357717935
X_1035,0.10837706588663547
X_2800,0.10900683562080185
X_1935,0.10911911132670772
X_958,0.1091545842482012
X_1678,0.10927060017538816
X_1356,0.10930876049746074
X_1634,0.10961335083232235
X_1229,0.10978900939448354
X_1254,0.10985129777891162
X_1289,0.10994150341047963
X_1615,0.11085786920274117
X_1422,0.11088169543394442
X_206,0.11108379524689867
X_226,0.11116151458672899
X_216,0.111200436515798
X_221,0.11123925728188858
X_1121,0.1113047522972865
X_1632,0.11151124106041473
X_1111,0.11198902781228684
X_1072,0.11221693437827777
X_1196,0.11222609010367968
X_1181,0.11258958233363149
X_1551,0.11269599569485222
X_1180,0.11301332872533139
X_1883,0.11304331226539831
X_288,0.11333965520593915
X_1389,0.11347980273458207
X_1964,0.11362890348550755
X_1080,0.11382252210055241
X_1674,0.11410309973443253
X_1889,0.11431774241186184
X_1897,0.11435576749055858
X_1055,0.11436275590561525
X_983,0.11445414284786909
X_1300,0.11448970771202505
X_1913,0.11465116466429887
X_955,0.11469676635547973
X_1114,0.1148307310573806
X_1052,0.11485606890555983
X_1281,0.11494185549580573
X_1149,0.11543216418325276
X_2712,0.11583134070686744
X_1188,0.11603433853909828
X_2713,0.11609425116823341
X_371,0.11632680757442315
X_303,0.1169065354919993
X_1616,0.11721490485150343
X_304,0.11756126615681327
X_302,0.1178340885805342
X_1650,0.11791259797051139
X_196,0.11799674274265053
X_200,0.118171835127844
X_1407,0.1182698340599924
X_245,0.11856856368987564
X_980,0.11880237789665468
X_1059,0.11899334639735815
X_204,0.11922860920229407
X_2444,0.11948879385353633
X_1952,0.11953635638107321
X_1431,0.11954138081794771
X_209,0.11959139177167732
X_1873,0.11963427519968184
X_1038,0.11964244348851195
X_1937,0.1196936203021122
X_1879,0.11971037486866135
X_1929,0.11972947208912822
X_2190,0.11973423952668893
X_1220,0.11984138847580018
X_1027,0.12033173109841172
X_1962,0.12037715019137589
X_1550,0.12082967777639259
X_1536,0.12094603933714163
X_1190,0.12158836119797035
X_1236,0.1217226697110712
X_1203,0.1218223038634373
X_213,0.12183492237435972
X_73,0.12208461396394596
X_1925,0.12220528112538727
X_1061,0.12223298157149019
X_134,0.12244334890968157
X_1955,0.12321809805715651
X_981,0.12330481224823372
X_292,0.12339599230860014
X_1542,0.12496048554614747
X_2079,0.1252090940911857
X_1831,0.12619069363326155
X_982,0.1263619299343038
X_1891,0.1265186886894653
X_1117,0.12668774736214067
X_1899,0.12669005399212277
X_1329,0.12673147538203328
X_1353,0.12728630127909504
X_1134,0.12736933683431675
X_1228,0.1274221016064432
X_1348,0.12771553102393388
X_1042,0.12780219345822796
X_1915,0.12788827145933432
X_1543,0.12800175617159346
X_1907,0.1280435523252109
X_1044,0.1281928007876928
X_1243,0.12823201518443164
X_1189,0.12834460811168924
X_2782,0.12896563608306227
X_1179,0.1294943038208562
X_1977,0.12968466199663048
X_1866,0.1298920001198423
X_2021,0.1299035738418654
X_2037,0.129907717830818
X_1989,0.1299523529699579
X_1099,0.1301201431630197
X_1971,0.13026453507587288
X_1144,0.13032385774904398
X_1041,0.131290323817056
X_1090,0.13137176612182438
X_1923,0.13155856901695587
X_1583,0.132159265832828
X_1148,0.13269075455033774
X_1352,0.13375064580753193
X_1570,0.13413396859316304
X_1584,0.13420695701387422
X_1354,0.1348656000830989
X_1568,0.13543994032025428
X_1611,0.13570847181584117
X_2093,0.13578178438138025
X_1185,0.13791773409853772
X_1853,0.13810538022282604
X_1612,0.1383602191203886
X_1788,0.13967871689790026
X_1703,0.13984282927387798
X_2552,0.14006362690353297
X_2017,0.14087627732835464
X_2702,0.14103317745968688
X_2701,0.14114442485027107
X_1420,0.1414996051500954
X_1967,0.14179229426239467
X_1945,0.14186222310531116
X_1175,0.1419063630528165
X_1969,0.14213569121103564
X_1981,0.1423154478720489
X_2029,0.1423154478720489
X_1987,0.14257441811522872
X_1569,0.1427989175124781
X_1126,0.14371082369147428
X_1533,0.1439785819111137
X_2023,0.1441451613998499
X_1949,0.14539698056476463
X_1975,0.1454405937536715
X_2700,0.14620750402455535
X_189,0.147002340095616
X_2062,0.1470667526096759
X_1750,0.1473453929207772
X_218,0.14854923954831686
X_1151,0.14970459494426389
X_222,0.15003419285782268
X_1939,0.1503518687258184
X_1941,0.1503518687258184
X_1010,0.15117433527272844
X_1782,0.15330389255878604
X_132,0.1534243067004192
X_1357,0.15364666507383562
X_1933,0.15489000021052
X_1931,0.15489000021052
X_1153,0.1552910425738822
X_2753,0.1556674619731959
X_2031,0.15567517285333954
X_1983,0.15567517285333954
X_2842,0.15863723727422496
X_310,0.15924808721821318
X_2063,0.160189758999698
X_1756,0.1607576866424781
X_318,0.1636718524100807
X_248,0.16394780621369703
X_1532,0.16596107362064327
X_1712,0.16738305448116297
X_2723,0.1701306335624798
X_372,0.17155908295016475
X_2801,0.17395384609303025
X_1097,0.17417758651567392
X_1758,0.17440627200114367
X_202,0.1756072089342294
X_1124,0.17560771963676142
X_2721,0.1762498370877177
X_1903,0.17703080380602945
X_2760,0.1777849635450689
X_1762,0.1780845207647911
X_2056,0.1780937541353625
X_2166,0.17996155890207652
X_2134,0.17996155890207652
X_2160,0.17996155890207652
X_2126,0.18006600776971085
X_1714,0.1807671258197424
X_1752,0.18757788476754625
X_1951,0.18796147041054306
X_1764,0.18975425510800986
X_1720,0.19449949073334136
X_2081,0.19588957789040476
X_1787,0.19600995672551386
X_2142,0.1961396554442243
X_2065,0.19621938756936744
X_2178,0.19634696841201393
X_2170,0.19634696841201393
X_379,0.19670661209797918
X_2731,0.19975997218273073
X_1741,0.20083841502906188
X_1963,0.2031652735503553
X_2418,0.20532206323844068
X_2095,0.20798749539306619
X_1763,0.20936075809824273
X_307,0.21220465894048351
X_1948,0.21535979583136705
X_130,0.21692549244222228
X_1793,0.21898431428061116
X_373,0.21965691811491364
X_2706,0.22020385251551858
X_2025,0.22026646360751703
X_2707,0.22041583832812825
X_2708,0.22087857250742612
X_2019,0.2232140287658672
X_2152,0.23986298449037283
X_2128,0.23991545153173616
X_2120,0.23991545153173616
X_2158,0.2399674333580072
X_2150,0.2399674333580072
X_2144,0.2399674333580072
X_2136,0.2399674333580072
X_1751,0.24020901613815263
X_2182,0.2402849193991879
X_2122,0.2404677723679436
X_258,0.24088399085486112
X_2174,0.24094587348569949
X_2146,0.24111480441169833
X_2112,0.24124078793549059
X_2138,0.24130683648414172
X_2130,0.24133291819595287
X_2118,0.24134523680312492
X_2168,0.24139770534337443
X_2176,0.24144977723038852
X_2162,0.24146350978559322
X_2154,0.2416417483539556
X_1781,0.2617671826353999
X_256,0.26849079944812865
X_257,0.26907167913501856
Y_Quality,1.0
