Column,Y_Quality
X_368,-0.7048721738168094
X_367,-0.7046436411091201
X_335,-0.6960868617424956
X_2779,-0.6668367600927292
X_2467,-0.666606258189726
X_1849,-0.666606258189726
X_1833,-0.6625027311909109
X_2466,-0.6625027311909109
X_2780,-0.6624572497313791
X_2841,-0.6602798678474717
X_242,-0.6537859837867798
X_243,-0.6537859837867798
X_240,-0.6440672285273066
X_2187,-0.5797926150083742
X_2547,-0.5797926150083742
X_2787,-0.5448730877276428
X_2012,-0.5212118936461151
X_2000,-0.5212118936461151
X_1976,-0.5212118936461151
X_2061,-0.5029799666248675
X_2002,-0.4994034531785344
X_2014,-0.4994034531785344
X_1978,-0.4994034531785344
X_2791,-0.49265730903351457
X_2788,-0.4918446828943389
X_267,-0.4881154368483675
X_265,-0.48395047612419234
X_2790,-0.4834751842185469
X_1988,-0.48246516894731817
X_2036,-0.48246516894731817
X_266,-0.47915311574895214
X_2030,-0.4753691547496303
X_1982,-0.475078889575776
X_2004,-0.45528175600150295
X_1980,-0.45528175600150295
X_2016,-0.45528175600150295
X_1970,-0.4406347079501826
X_2006,-0.4406347079501826
X_1994,-0.4406347079501826
X_1998,-0.4295400588234068
X_1974,-0.4295400588234068
X_2010,-0.4295400588234068
X_2071,-0.4293869712354596
X_2064,-0.4293869712354596
X_2101,-0.4293869712354596
X_2038,-0.4290540394987762
X_2040,-0.42722081541086193
X_1992,-0.42722081541086193
X_1990,-0.4246077019153644
X_2034,-0.42042788686799376
X_1986,-0.42042368263852337
X_1859,-0.416981074564568
X_290,-0.4010264777205665
X_1857,-0.3991381709736976
X_287,-0.39659709709691326
X_1865,-0.3839477230822046
X_2789,-0.3785117233826528
X_2107,-0.37669074651104045
X_2080,-0.37669074651104045
X_2087,-0.37669074651104045
X_2799,-0.3705343026048755
X_285,-0.3705279968960384
X_2705,-0.36287471964631374
X_2024,-0.3592995671391547
X_2728,-0.35543175463812
X_2796,-0.35456332659593487
X_1818,-0.35318496443890146
X_1717,-0.3526230354607711
X_2414,-0.3526230354607711
X_2727,-0.3526230354607711
X_356,-0.3511671538631723
X_1718,-0.348352660932227
X_2415,-0.347870677580511
X_2015,-0.34550355566866375
X_1979,-0.34550355566866375
X_2003,-0.34550355566866375
X_1805,-0.34335208552720564
X_1825,-0.34335208552720564
X_2018,-0.3380012805900435
X_1991,-0.3373724531554969
X_2039,-0.3359027621969589
X_1804,-0.3334170191581082
X_1824,-0.3334170191581082
X_358,-0.3333587202694827
X_306,-0.3329679223013347
X_2792,-0.3273351599568448
X_1826,-0.32363559789785346
X_1806,-0.32363559789785346
X_309,-0.3134914255551877
X_1830,-0.3101982252370472
X_1810,-0.3101982252370472
X_1794,-0.308420134917041
X_1770,-0.3082392245347752
X_1953,-0.30407310406810195
X_2026,-0.30318540399647137
X_2032,-0.3029966594445868
X_1984,-0.3021553899755916
X_2797,-0.3010765066096218
X_1817,-0.30015296357085397
X_352,-0.2971904198551129
X_2043,-0.2951265653471749
X_2041,-0.29092374976063434
X_2704,-0.29008410258745676
X_2042,-0.28586270781749473
X_1821,-0.2829623546995288
X_1800,-0.28016788336972054
X_1965,-0.279870841524552
X_2058,-0.27236906008190565
X_1667,-0.2654223610228723
X_1162,-0.2654223610228723
X_1996,-0.2622952215499193
X_2008,-0.2622952215499193
X_1972,-0.2622952215499193
X_129,-0.26020768169155856
X_2094,-0.25607018411628313
X_357,-0.2549149139341841
X_350,-0.2541995008101071
X_1768,-0.2526712929986617
X_1686,-0.24842690188541985
X_2793,-0.24584612322315924
X_128,-0.2393175533182189
X_2548,-0.2336521160197619
X_2545,-0.2336521160197619
X_2748,-0.22968608710390712
X_364,-0.21988950435633653
X_332,-0.2194012410128773
X_2555,-0.21769801674060757
X_2191,-0.21769801674060757
X_366,-0.21635505607567984
X_365,-0.2157521467154418
X_333,-0.21505581849830227
X_1834,-0.2144430696090097
X_308,-0.21249065923158458
X_295,-0.21213412347090352
X_341,-0.20688643326835698
X_177,-0.2054361931667355
X_1668,-0.20466702519632873
X_1603,-0.2023776280905795
X_321,-0.19987442391504068
X_320,-0.19987442391504068
X_349,-0.19945809566100392
X_977,-0.1993733436102636
X_339,-0.19910347466519437
X_1961,-0.1984384606008382
X_2869,-0.1984384606008382
X_348,-0.1975886742955173
X_2454,-0.19727886045186988
X_331,-0.19571303668660142
X_1416,-0.19420599352778714
X_2069,-0.19253358598294523
X_2077,-0.19253358598294523
X_1604,-0.18957990227945373
X_268,-0.18689603860102827
X_270,-0.18689603860102827
X_1747,-0.18205049200433776
X_1627,-0.18064719578394234
X_1819,-0.1802565405189701
X_157,-0.18013991950877778
X_2441,-0.17998292408034192
X_1425,-0.17983263850209946
X_353,-0.17964210879043094
X_1605,-0.17733296393396078
X_1595,-0.17710539445905302
X_1560,-0.17660303272422798
X_2449,-0.1761150392586697
X_1619,-0.17415386314980502
X_976,-0.17146166169610974
X_1798,-0.17124605438029677
X_153,-0.17063702974626344
X_1417,-0.17016679781274965
X_1958,-0.1701441626088149
X_2866,-0.1701441626088149
X_1708,-0.17013197580056882
X_1593,-0.16938428463726035
X_1412,-0.16902543841569673
X_1597,-0.1686252705257803
X_1413,-0.1657052857351738
X_171,-0.16462222914248026
X_1596,-0.164190288206479
X_1598,-0.16380700004970575
X_1666,-0.16368651005107845
X_1850,-0.16358108105149058
X_974,-0.1629508977015739
X_949,-0.16281998118909044
X_2453,-0.16210819637593912
X_1591,-0.16198096489529304
X_1411,-0.16165149543064505
X_1599,-0.16131004829837584
X_1594,-0.1605467475735892
X_1606,-0.1603984486717478
X_1410,-0.15848345011200854
X_1601,-0.15836594370841567
X_361,-0.15751483997625318
X_1415,-0.15722168150819518
X_1946,-0.15719945248499426
X_337,-0.15708102027174245
X_1028,-0.15631700710639507
X_1461,-0.15631700710639507
X_1600,-0.15618845866003914
X_1414,-0.1557417920316689
X_2729,-0.1547253047786844
X_1602,-0.15398521913794347
X_1592,-0.1530471915294839
X_1628,-0.1529027358296862
X_2774,-0.1520949579966549
X_2773,-0.15209495799665487
X_2096,-0.1510081752230454
X_2438,-0.14761861103593463
X_2103,-0.14671650647940324
X_2066,-0.14671650647940324
X_2073,-0.14671650647940324
X_1424,-0.1452507157440217
X_1402,-0.14511746232956435
X_1045,-0.14511746232956435
X_2434,-0.14069013180500445
X_1169,-0.13968178662835792
X_1710,-0.13959404855105065
X_1738,-0.13958530223321614
X_1736,-0.1395853021013345
X_2756,-0.13825377683325518
X_1062,-0.1376869795156731
X_1462,-0.1376869795156731
X_1351,-0.13637629390695355
X_161,-0.13527893164687976
X_1518,-0.1352092869880283
X_1813,-0.1346742325726161
X_1541,-0.13421349810075928
X_1539,-0.13407061267628573
X_1538,-0.1339261997131283
X_1607,-0.13353074114132985
X_1418,-0.13352749874575998
X_1608,-0.13352400599165903
X_973,-0.1324717584276568
X_1629,-0.13169725241749633
X_1520,-0.13064904601887165
X_1218,-0.13064904601887165
X_1716,-0.13048200177051883
X_957,-0.13022332473401294
X_1163,-0.13022332473401294
X_2020,-0.12979209716964213
X_2435,-0.12928238386696989
X_1288,-0.12703719346002829
X_1854,-0.12632143955750505
X_1473,-0.12606780775022122
X_1077,-0.12606780775022122
X_1474,-0.12606723607561923
X_1104,-0.12606723607561923
X_1475,-0.12606697200641098
X_1131,-0.12606697200641098
X_1705,-0.12510597018448788
X_1697,-0.12507611824613302
X_1617,-0.12488365451513894
X_948,-0.12357006239478291
X_2442,-0.12289940626557894
X_1620,-0.1215019357574313
X_1287,-0.12102586109128219
X_1690,-0.12094224156836933
X_1264,-0.120367962070242
X_1183,-0.11967888427351846
X_1564,-0.11947405901814931
X_1167,-0.11942643801275332
X_2443,-0.11837411988627726
X_2109,-0.11741026393555644
X_2089,-0.11741026393555644
X_2082,-0.11741026393555644
X_156,-0.11668434423274666
X_1350,-0.11561782015451637
X_354,-0.11398817281839682
X_1561,-0.11312622402341808
X_2085,-0.11281837415836027
X_2092,-0.11281837415836027
X_1665,-0.11230075545875946
X_2075,-0.11210418046456057
X_2068,-0.11210418046456057
X_2105,-0.11210418046456057
X_1534,-0.11146539264950545
X_2754,-0.11092385038374618
X_1340,-0.11078833278697904
X_1973,-0.11068296187436977
X_1997,-0.11068296187436977
X_2009,-0.11068296187436977
X_2554,-0.11012524758680771
X_1175,-0.11008797634491334
X_1161,-0.10980113073100062
X_1664,-0.10980113073100062
X_1530,-0.10925270321835752
X_151,-0.10868094955590114
X_175,-0.10863788051997127
X_1822,-0.10787575343360557
X_1187,-0.10754556114037565
X_1192,-0.10717162386761504
X_1519,-0.10676568173133205
X_1284,-0.1062301438980667
X_269,-0.10582698329464414
X_1359,-0.10577096829679118
X_1630,-0.1053312896064107
X_1663,-0.10511546493922203
X_1366,-0.10477163410472333
X_1482,-0.10411480808789024
X_1082,-0.10411480808789024
X_1517,-0.10395817442140808
X_1696,-0.10381766158262894
X_1653,-0.10325011346424168
X_1430,-0.10324726698621421
X_1654,-0.10324724500544678
X_1171,-0.10292458465605922
X_1521,-0.10246782749742263
X_1433,-0.10183964668662583
X_1026,-0.10183964668662583
X_338,-0.10177372344006726
X_1549,-0.1013830729896435
X_2084,-0.10137751468130134
X_2091,-0.10137751468130134
X_2111,-0.10137751468130134
X_1261,-0.10131781512281648
X_1652,-0.10130457613997684
X_954,-0.10099686590159114
X_1109,-0.10097513243055617
X_1483,-0.10097513243055617
X_1547,-0.10083305250761287
X_1548,-0.10075597487002855
X_1036,-0.10057167927601102
X_1186,-0.10057167927601102
X_1455,-0.10057167927601102
X_1387,-0.10049291302200372
X_1212,-0.10040107638769134
X_1208,-0.10026232441703502
X_1514,-0.10025327887542763
X_1093,-0.10025327887542763
X_1273,-0.10018919666716514
X_2059,-0.1001108792011811
X_1147,-0.09992132223966542
X_1516,-0.09992132223966542
X_1651,-0.09979580232661267
X_1776,-0.09971406206623154
X_1429,-0.09935447195782131
X_1515,-0.09935125105360389
X_1120,-0.09935125105360389
X_1339,-0.09891936155618614
X_1085,-0.09877956795254539
X_1488,-0.09877956795254539
X_1053,-0.09872925159194514
X_1456,-0.09872925159194514
X_1139,-0.0986771509157577
X_1490,-0.0986771509157577
X_1428,-0.09862228372596907
X_263,-0.09860692834159485
X_1247,-0.0985116573930803
X_2846,-0.09843234890664011
X_1123,-0.09843234890664011
X_1321,-0.09843234890664011
X_2845,-0.09823626430177275
X_1096,-0.09823626430177275
X_1150,-0.09818455662868758
X_2847,-0.09818455662868758
X_2761,-0.09812811494223288
X_1631,-0.0980186673926158
X_1136,-0.09799691026401268
X_1484,-0.09799691026401268
X_1489,-0.09797609264089474
X_1112,-0.09797609264089474
X_1434,-0.09779069234970318
X_1043,-0.09779069234970318
X_1458,-0.09768816648230673
X_1037,-0.09768816648230673
X_144,-0.09750869450485537
X_1423,-0.09738769523187117
X_1054,-0.09734175769731959
X_1459,-0.09734175769731959
X_1217,-0.09659071295777935
X_1405,-0.09653332442579052
X_1118,-0.09653332442579052
X_1294,-0.0965320501097025
X_1145,-0.09636847875269682
X_1501,-0.09636847875269682
X_1500,-0.09628754930053221
X_1091,-0.09628754930053221
X_275,-0.0961139649229914
X_277,-0.0961139649229914
X_179,-0.0960831774016226
X_1197,-0.09580501103820223
X_1110,-0.09578527256262628
X_1486,-0.09578527256262628
X_1173,-0.09561548712709217
X_1158,-0.09561548712709217
X_1178,-0.09552522834092193
X_1060,-0.09533671424908456
X_1435,-0.09533671424908456
X_1213,-0.09494589837066444
X_2755,-0.0941084340774299
X_1193,-0.09329998249248368
X_1588,-0.0926806930411348
X_1610,-0.09229642968014215
X_1643,-0.0922496185007045
X_1641,-0.09224821853490699
X_1642,-0.09224771767116142
X_1625,-0.09223930275430542
X_1624,-0.09223900928268391
X_1626,-0.09223881502680223
X_962,-0.09223486157377296
X_1066,-0.09223486157377296
X_1290,-0.09223083012052871
X_1609,-0.0921572386489112
X_1587,-0.09215543532302883
X_1586,-0.09210376288332522
X_1419,-0.0919464587402611
X_978,-0.09184824483808901
X_2703,-0.09119018473464569
X_1559,-0.09082935863824264
X_2867,-0.09077191723013292
X_1959,-0.09077191723013292
X_1073,-0.09025967408856979
X_965,-0.09025967408856979
X_1460,-0.09017281484308662
X_1071,-0.09017281484308662
X_1647,-0.09012381790913207
X_1056,-0.0899587329959528
X_964,-0.0899587329959528
X_1039,-0.08895510348242164
X_963,-0.08895510348242164
X_1355,-0.08885415971935905
X_2057,-0.08865800259767916
X_2709,-0.08845282247578556
X_176,-0.08842795405106628
X_2770,-0.08825341999982692
X_1470,-0.08812779389701408
X_1075,-0.08812779389701408
X_972,-0.08789946848245545
X_2710,-0.08760534644861667
X_160,-0.08733346600811577
X_1563,-0.08716416435184751
X_1947,-0.08700505031950316
X_1242,-0.08699159278272571
X_1308,-0.08699159278272571
X_1447,-0.0867402691676928
X_1033,-0.0867402691676928
X_1401,-0.08673983560318471
X_1050,-0.08673983560318471
X_1448,-0.0867381713325394
X_1067,-0.0867381713325394
X_1660,-0.0866655341792816
X_1661,-0.08656795288302638
X_1160,-0.08656795288302638
X_1040,-0.08652170576711508
X_1471,-0.08652170576711508
X_1404,-0.0865215721572467
X_1057,-0.0865215721572467
X_1472,-0.08651995281522692
X_1074,-0.08651995281522692
X_1662,-0.08650884248664563
X_960,-0.08534038574647901
X_1032,-0.08534038574647901
X_1562,-0.08520805027646292
X_1258,-0.08516167239707086
X_1613,-0.08506419161712041
X_1421,-0.08499187366840306
X_1658,-0.08415900908266644
X_1659,-0.0841511370511647
X_1728,-0.08391390500846757
X_143,-0.08391390500846756
X_2737,-0.08391390500846756
X_1727,-0.08391390500846756
X_2424,-0.08391390500846756
X_1260,-0.08390756516184988
X_1015,-0.08388229018367761
X_1635,-0.08384439576763468
X_1657,-0.08379535817403426
X_1049,-0.08319894676582033
X_961,-0.08319894676582033
X_141,-0.08233423043723566
X_1344,-0.08186664245311337
X_1636,-0.08162229025128732
X_2784,-0.08141283849564263
X_1614,-0.0810474658954806
X_1373,-0.08067341911373668
X_380,-0.08023854554273482
X_1358,-0.07941360491442997
X_1637,-0.07886694156936039
X_1276,-0.07864751499650512
X_1485,-0.07809644726640971
X_1083,-0.07809644726640971
X_1198,-0.07809644726640971
X_304,-0.07803719666347132
X_2448,-0.07682933624341118
X_979,-0.07661319004057696
X_2868,-0.07616343816676065
X_1960,-0.07616343816676065
X_2458,-0.07610228300255326
X_1365,-0.07589287687154893
X_1164,-0.07543716256450719
X_1019,-0.07543716256450719
X_2798,-0.07519023802313933
X_2781,-0.07513105221512997
X_362,-0.07425953748652167
X_2758,-0.07409745281904158
X_1529,-0.0738217755315258
X_1221,-0.0738217755315258
X_1285,-0.073537150489164
X_1671,-0.07326723586787236
X_167,-0.07289728804761622
X_1672,-0.07258803047848396
X_1268,-0.07199876082693085
X_2459,-0.07096903688333198
X_1256,-0.06977351998567441
X_1143,-0.06883875366829965
X_1499,-0.06883875366829965
X_1116,-0.0688343367922948
X_1498,-0.0688343367922948
X_1089,-0.06882832753272153
X_1497,-0.06882832753272153
X_1282,-0.0672989651922797
X_1618,-0.0669947140085615
X_1863,-0.06695939782542458
X_1623,-0.06682547987490173
X_1349,-0.06511784313640716
X_2544,-0.06507225822431746
X_2185,-0.06507225822431746
X_2751,-0.06466702830504115
X_1301,-0.06234617956396542
X_1174,-0.06202561840779567
X_2427,-0.061443529059426315
X_2426,-0.06126732430974933
X_1622,-0.060661659542386046
X_1640,-0.06063123409210038
X_1748,-0.06046509131498421
X_2763,-0.06021695042253793
X_1406,-0.05991999799028786
X_1058,-0.05830133787422678
X_1469,-0.05830133787422678
X_1345,-0.05801530392688251
X_1734,-0.05794320204139854
X_286,-0.05768405102087292
X_2711,-0.05763200999646311
X_262,-0.05706779157462525
X_344,-0.05671778328712858
X_1383,-0.05667477714764036
X_2800,-0.05502719017629454
X_1341,-0.0546674016635431
X_1621,-0.05360206692224743
X_1302,-0.05341885539336834
X_184,-0.0528890330893338
X_2771,-0.052653477236399994
X_1235,-0.05211569625921333
X_1170,-0.05205823667271423
X_2050,-0.05109541398242744
X_1391,-0.05049834330584313
X_2416,-0.04951484676013658
X_1496,-0.048860460530223956
X_1142,-0.048860460530223956
X_1115,-0.048852585035514984
X_1495,-0.048852585035514984
X_1494,-0.04884531978705125
X_1088,-0.04884531978705125
X_2423,-0.04876619656050405
X_1427,-0.048218694566744
X_137,-0.047962248200318885
X_1820,-0.04789362333337286
X_138,-0.04768241139412455
X_136,-0.04751414371419521
X_1726,-0.04683864869090004
X_1732,-0.0466801319956388
X_185,-0.04653156050992075
X_1730,-0.04627740644891305
X_1740,-0.04592393230234774
X_311,-0.04571807020685693
X_1238,-0.0456683554219474
X_1304,-0.0456683554219474
X_1639,-0.04518798149083755
X_1064,-0.04511882768254869
X_1443,-0.04511882768254869
X_1792,-0.04506886509235788
X_966,-0.0446900724357732
X_1832,-0.044669816374577696
X_261,-0.04450438110690978
X_1767,-0.04344552041125756
X_1791,-0.04307674835285726
X_1769,-0.042566845620137496
X_990,-0.0417636174011384
X_1546,-0.04150640843081548
X_1545,-0.04141205442461441
X_1544,-0.04131751342706977
X_1237,-0.041114302745299765
X_1303,-0.041114302745299765
X_2433,-0.04054252046105421
X_1210,-0.03947974274291845
X_1313,-0.03902898162980027
X_1279,-0.03902898162980027
X_1638,-0.03854602787451798
X_993,-0.038458550742021966
X_994,-0.03845282256916349
X_995,-0.03840641064939058
X_1231,-0.03792607222396008
X_2028,-0.03651794786527752
X_1843,-0.03620334098149754
X_1398,-0.036188174616650165
X_2411,-0.03599955228423328
X_1715,-0.03599955228423328
X_2724,-0.03599955228423328
X_1246,-0.03536735952247183
X_1267,-0.03515641573496272
X_1467,-0.03507700114675999
X_1076,-0.03507700114675999
X_1346,-0.033809022679468254
X_2764,-0.0326814307854927
X_164,-0.030986446033244717
X_2541,-0.03063597369302064
X_1590,-0.030368096947512958
X_1409,-0.030364229262828956
X_1589,-0.030360514171307706
X_2762,-0.030270589355067747
X_1191,-0.029563483948874154
X_1646,-0.026405271120637577
X_1016,-0.026377551210978775
X_2776,-0.025898633857185643
X_1205,-0.02457064147393794
X_2749,-0.02423358655661895
X_246,-0.02406470391089352
X_276,-0.02345631474734074
X_1369,-0.023130592154932194
X_1271,-0.02208918233909703
X_1745,-0.021512066766007146
X_2546,-0.021451247094210722
X_2186,-0.021451247094210722
X_1272,-0.020915062136764393
X_1408,-0.02081751346283242
X_152,-0.020569506204496116
X_1269,-0.020450093655690903
X_1706,-0.019786922078147348
X_1182,-0.019625567003340894
X_173,-0.019562006986721524
X_967,-0.019427629899531042
X_1172,-0.019427629899531042
X_1274,-0.01868443427702504
X_1670,-0.018473840119807704
X_1014,-0.017464551192850546
X_2463,-0.01717765641123516
X_1379,-0.017101193431274194
X_237,-0.016723739037440857
X_1277,-0.015250466349335674
X_956,-0.015099471715218842
X_1669,-0.014714249260944327
X_1390,-0.014503216559990702
X_1775,-0.013830522793427688
X_968,-0.013165362505678124
X_139,-0.011269760571449985
X_2450,-0.01096680099982376
X_1211,-0.01088272765722435
X_2767,-0.01081141588551385
X_1397,-0.010547209408129437
X_947,-0.010253827398056085
X_155,-0.009530860118304674
X_2422,-0.009024346039269236
X_1105,-0.009005122984857497
X_1132,-0.009005122984857497
X_1078,-0.009005122984857497
X_1270,-0.00897042328594761
X_1855,-0.008911280751518202
X_284,-0.008500421751963642
X_2432,-0.007970111626854324
X_1442,-0.007906403132416416
X_1047,-0.007906403132416416
X_2717,-0.007682433039348308
X_2785,-0.007508000439008849
X_1266,-0.0073612517370877295
X_250,-0.007265853773762374
X_1384,-0.007084130096672606
X_150,-0.006379820368769081
X_2744,-0.005771129173141434
X_2747,-0.005686002790415408
X_2745,-0.005471238719355322
X_1232,-0.005304386034514535
X_998,-0.0048647993529942184
X_997,-0.004850848661072292
X_996,-0.004838039948354689
X_2743,-0.004750547985615182
X_2460,-0.0024858981350382677
X_2461,-0.0024858981350382573
X_2734,-0.0023474143374912597
X_1566,-0.002189388020751478
X_1565,-0.0020039988925031147
X_1567,-0.0019559647249220505
X_1245,-0.0014718492977109487
X_2736,-0.0008176183003376022
X_1634,-0.0007010694997109412
X_2735,-0.000525616150170432
X_2445,-0.00029718409593217044
X_133,-0.00028791506619463975
X_1291,-0.00025987474655617864
X_2766,-6.576634135387066e-07
X_1306,0.00044240591333837963
X_1240,0.00044240591333837963
X_2421,0.00048617820972753865
X_1814,0.0005008268434035552
X_2431,0.0010504824567922624
X_975,0.0010611513272864648
X_140,0.0010815639468601285
X_1725,0.001354251400800733
X_2840,0.0017415452947731921
X_1743,0.001962353897253403
X_172,0.0025935389154990098
X_1957,0.0032013204537468722
X_148,0.005249749844475058
X_1755,0.006181922286722174
X_1347,0.0063834855510276735
X_1816,0.00671018178231619
X_1694,0.008507044866094184
X_1633,0.008923838191069613
X_1742,0.009793924671489722
X_1632,0.010451776166102213
X_953,0.010638902764392392
X_1257,0.0112273568283336
X_2078,0.011418519552952682
X_1746,0.011448455558763332
X_1812,0.012445969083671703
X_1337,0.012746331839686724
X_1002,0.014059003208548198
X_1555,0.015771552847273194
X_251,0.015948414750642414
X_2839,0.016985929037311144
X_272,0.01833771191079785
X_2022,0.019279478236010356
X_1100,0.01943477669384852
X_2857,0.01943477669384852
X_2457,0.01946335824949348
X_181,0.019498367558495218
X_999,0.019763549751522443
X_1001,0.019779576875969106
X_1000,0.019788377421819936
X_1375,0.020092270561803235
X_2048,0.020475910669611394
X_2049,0.020491292199976245
X_2452,0.020736006665979047
X_2098,0.020869055673834104
X_2446,0.020957248662599723
X_283,0.021396731793243105
X_2716,0.02213907528450167
X_2794,0.022215720753466246
X_2430,0.02254612674739108
X_938,0.02290119162272971
X_1168,0.023229665324463366
X_1204,0.02340308149026401
X_1368,0.02343886898786745
X_1930,0.023908855439351402
X_1528,0.024226114457937646
X_1527,0.024247526130578304
X_1526,0.02426968389652618
X_2718,0.025889433146196354
X_1862,0.025935768422059444
X_1336,0.025988965320366597
X_1292,0.02633541886546849
X_1342,0.026642827877260876
X_236,0.027050155410481128
X_939,0.027135961515514773
X_1215,0.028786658795839314
X_2551,0.029313088309646382
X_2447,0.02964064875883774
X_2746,0.029695310795183616
X_168,0.03094337914642977
X_1924,0.03103274208207088
X_1926,0.031032820778362648
X_1737,0.031354022321262776
X_2429,0.03136230738413431
X_2742,0.03136230738413431
X_1382,0.03147518081370943
X_1214,0.03149231446179844
X_2455,0.03157592240374452
X_1030,0.0321190715150397
X_1441,0.0321190715150397
X_1372,0.032156495401074674
X_940,0.03216627533965988
X_1307,0.03328824482871546
X_1241,0.03328824482871546
X_183,0.03338416348695619
X_280,0.033920117550278926
X_2858,0.03475043377368583
X_1127,0.03475043377368583
X_1325,0.03475043377368583
X_1558,0.03497525891507828
X_1374,0.03505910454512052
X_1229,0.03508194335960931
X_1386,0.03570580051522283
X_2715,0.03666713268297071
X_346,0.03706474435609518
X_2027,0.0372799233643502
X_1199,0.0381956007736022
X_1233,0.03846158749479709
X_1773,0.039052522718902735
X_1305,0.04005102873720719
X_1239,0.04005102873720719
X_1230,0.040534835688492324
X_273,0.04087707013959256
X_271,0.04087707013959256
X_1017,0.04104991104623597
X_1234,0.04120702074857787
X_1299,0.04120702074857787
X_1201,0.041356979577997305
X_1735,0.042057510552919924
X_2428,0.04206575620168811
X_2741,0.04206575620168811
X_1950,0.04286576669472872
X_946,0.043620157498196976
X_233,0.043657535540295354
X_1557,0.04429153965544904
X_1283,0.044489236228540396
X_180,0.044554203532173015
X_288,0.04467947785818076
X_2843,0.04475898959921254
X_1378,0.04503597903523495
X_1853,0.04503804072051583
X_945,0.045860066124605935
X_944,0.046041251333380724
X_2465,0.04666705263376451
X_238,0.046936679487199
X_1223,0.04707719998319111
X_2719,0.047169127466942885
X_1388,0.047796218186108644
X_1207,0.047972756399389006
X_1356,0.04829206222034813
X_2859,0.04849721575729033
X_1154,0.04849721575729033
X_1556,0.04878828043784373
X_1713,0.04882874646868299
X_1296,0.05023768467883354
X_1177,0.05055524022822902
X_303,0.05203710156792154
X_1918,0.05404367127842348
X_1916,0.05404910370183845
X_1181,0.0546755633204826
X_1275,0.054945322168139306
X_1225,0.057188463468412006
X_2409,0.05733605775827849
X_2051,0.05760538032858112
X_1200,0.058961248147647714
X_169,0.060054397666837164
X_1063,0.06052292665401966
X_1440,0.06052292665401966
X_1774,0.06077539975861087
X_1176,0.0613603162325545
X_1673,0.061404673018173095
X_2464,0.06242025290136371
X_1286,0.0627937616541232
X_1446,0.0630846998896518
X_1065,0.0630846998896518
X_1861,0.06370790608380805
X_1280,0.06381680577318767
X_1315,0.06381680577318767
X_1031,0.0640828295685545
X_1444,0.0640828295685545
X_301,0.06411022176565996
X_298,0.06529732148420271
X_1263,0.06560419357712645
X_1400,0.06576395314604058
X_1046,0.06576395314604058
X_1220,0.06613577691879956
X_1371,0.06715293447804914
X_1445,0.06769469318895206
X_1048,0.06769469318895206
X_163,0.06783256235196052
X_1259,0.06868274508425463
X_1184,0.06889626491485855
X_1535,0.068926771672941
X_149,0.06968756135339513
X_1860,0.07094668729201813
X_1380,0.07106320999311498
X_1209,0.07114311047427756
X_1377,0.07123063753814424
X_2759,0.07133633089440646
X_1439,0.07264876108982656
X_1029,0.07264876108982656
X_146,0.07287148566511038
X_2862,0.07341727216938103
X_1155,0.07341727216938103
X_1739,0.07351216661422588
X_1385,0.07354742751132837
X_1098,0.07436090218273182
X_2851,0.07436090218273182
X_1196,0.07463253493755515
X_2768,0.07493880775199276
X_1951,0.07546944725871482
X_305,0.0755287156910145
X_1922,0.07565251521488693
X_2765,0.07728541594805194
X_1254,0.07729364676078597
X_2439,0.07784221800092567
X_1262,0.07874516634401038
X_1381,0.07905613622444271
X_1323,0.07955788994085712
X_1125,0.07955788994085712
X_2852,0.07955788994085712
X_2726,0.07992775017138179
X_1226,0.08006862674766982
X_2436,0.08008759175881894
X_1554,0.08012706145394081
X_1466,0.08049605490577923
X_1059,0.08049605490577923
X_2837,0.08079002256735997
X_2853,0.08098366237628182
X_1152,0.08098366237628182
X_2720,0.0816646213872994
X_1072,0.08227171807609708
X_1464,0.08227171807609708
X_345,0.08246943006457551
X_134,0.08319920883684957
X_2044,0.08334997038420967
X_1963,0.0838475157641262
X_1244,0.08395071001666168
X_2046,0.0840414539761691
X_247,0.08423649503528913
X_1956,0.08516896690364842
X_1679,0.08538886512007168
X_1013,0.08578844837069972
X_1295,0.08593883821656523
X_2753,0.0866238899390739
X_2047,0.08810506268260057
X_2542,0.08834867834518816
X_1038,0.08845965247553639
X_1463,0.08845965247553639
X_1338,0.08875774471859074
X_1761,0.08897741392127151
X_959,0.08909390940791284
X_1166,0.08909390940791284
X_1797,0.08920008360715122
X_1195,0.08955302951091983
X_1655,0.08964007717564823
X_1297,0.08967457966319654
X_1656,0.08987547112024105
X_1135,0.08999745950710662
X_983,0.09002118212943046
X_982,0.09005281146588787
X_1018,0.09022585432809828
X_1159,0.09022585432809828
X_1678,0.09027694136925732
X_981,0.09103735796143755
X_1403,0.09107591879936759
X_1055,0.09107591879936759
X_2045,0.09133531833612296
X_1343,0.09148039313125314
X_1278,0.09156246394585307
X_1543,0.0916698416174393
X_1140,0.09192058519986389
X_1348,0.09213850162392223
X_2190,0.09223172638971673
X_2553,0.09223172638971673
X_1360,0.09223173206520847
X_1648,0.09234667149170873
X_1330,0.09276942108938285
X_1108,0.09276942108938285
X_1333,0.09276942108938285
X_1449,0.09299658250126201
X_1034,0.09299658250126201
X_2863,0.09309320035357346
X_1102,0.09309320035357346
X_1649,0.09311762496120173
X_1095,0.09323560687253339
X_1508,0.09323560687253339
X_2413,0.09337292442611628
X_1422,0.09346561267201994
X_1450,0.09350457088054737
X_1051,0.09350457088054737
X_1236,0.09373231039012064
X_1081,0.09386255392704769
X_1454,0.094005632597433
X_1069,0.094005632597433
X_943,0.09407943352626681
X_941,0.09415933685999886
X_942,0.0942085170965837
X_1027,0.09440189556382098
X_1436,0.09440189556382098
X_1451,0.0944129864704332
X_1068,0.0944129864704332
X_1615,0.09445264494880917
X_2864,0.09452509640051684
X_1129,0.09452509640051684
X_1327,0.09452509640051684
X_360,0.09452723234245704
X_1165,0.0945503835745554
X_958,0.0945503835745554
X_1616,0.094641854496988
X_1332,0.09468795710931566
X_1335,0.09468795710931566
X_1113,0.09468795710931566
X_159,0.0950313929632665
X_1156,0.0952142064122298
X_2865,0.0952142064122298
X_1052,0.0954403533584496
X_1453,0.0954403533584496
X_1011,0.09579449781647222
X_1009,0.09579449781647222
X_1505,0.09587979598710203
X_1094,0.09587979598710203
X_1122,0.09599050526248695
X_1509,0.09599050526248695
X_1682,0.096223360490983
X_1035,0.09630162290616888
X_1452,0.09630162290616888
X_1506,0.09636616319798548
X_1121,0.09636616319798548
X_1650,0.09645101203104564
X_1507,0.09652701920452311
X_1148,0.09652701920452311
X_1044,0.09658042877049106
X_1437,0.09658042877049106
X_1510,0.09663712479976289
X_1149,0.09663712479976289
X_1585,0.09722367618749811
X_1968,0.09725378490500391
X_1583,0.09745698929201696
X_2451,0.09760936779456961
X_1086,0.09776309754608636
X_2408,0.09776580324328128
X_1354,0.09778746940857168
X_1141,0.09778853126395395
X_1493,0.09778853126395395
X_1584,0.09792213704425867
X_1352,0.0979643698820728
X_1465,0.0980648801951313
X_1042,0.0980648801951313
X_1180,0.09809372887081302
X_1552,0.09822130029244255
X_1551,0.09838437115786271
X_1080,0.09850250174591269
X_1479,0.09850250174591269
X_1329,0.09857647211401746
X_1138,0.09866540761411877
X_1550,0.09867858858457296
X_1478,0.09876118649816967
X_1133,0.09876118649816967
X_1106,0.09880353866891128
X_1477,0.09880353866891128
X_1476,0.09880798712101896
X_1079,0.09880798712101896
X_1107,0.09892365382105334
X_1480,0.09892365382105334
X_1111,0.09892484907099804
X_1334,0.09892484907099804
X_1331,0.09892484907099804
X_1084,0.09905874029867835
X_1481,0.09963491601456125
X_1134,0.09963491601456125
X_1512,0.09971591319511712
X_1117,0.09971591319511712
X_1114,0.0997558846109881
X_1492,0.0997558846109881
X_1536,0.09978047611090753
X_1569,0.09985024345508603
X_1570,0.09989649354835589
X_1568,0.09992370520523841
X_955,0.10004933140871129
X_1491,0.10009555451832261
X_1087,0.10009555451832261
X_1513,0.1004742057943839
X_1144,0.1004742057943839
X_1353,0.10112846502852292
X_2860,0.10198887472944604
X_1101,0.10198887472944604
X_1438,0.10209742073958672
X_1061,0.10209742073958672
X_1090,0.10243823572335732
X_1511,0.10243823572335732
X_980,0.10284312431146321
X_2540,0.10320324266581758
X_1674,0.10457375659605807
X_984,0.1048256710452187
X_1532,0.10489587963930563
X_1203,0.10511168805087846
X_1370,0.1057646812158046
X_1202,0.10632193960773363
X_1866,0.10756738433545145
X_1281,0.10759368531706553
X_991,0.10830442320463113
X_985,0.10936533847427539
X_2739,0.11037222639006947
X_1194,0.11093195760233925
X_1190,0.1120467209837356
X_1542,0.11346319410596498
X_2750,0.11383793688200522
X_2782,0.1140034378570374
X_2412,0.11423901464357275
X_279,0.11433007785631476
X_281,0.11433007785631476
X_1228,0.11510297006176104
X_2437,0.11701249760546142
X_1289,0.11751173420670445
X_1468,0.11878356221644625
X_1041,0.11878356221644625
X_1265,0.11885694701674641
X_1300,0.11966117507978316
X_986,0.11973389317593744
X_1128,0.11978205102686756
X_1326,0.11978205102686756
X_2861,0.11978205102686756
X_2099,0.1201189675595309
X_1227,0.12022232475154351
X_1553,0.12078091276032654
X_1942,0.12128419255905214
X_2725,0.12134017953105862
X_1940,0.121506408136369
X_1097,0.12320713761099727
X_2848,0.12320713761099727
X_1185,0.12386663830553542
X_2757,0.12391325136742022
X_1540,0.12420775175120054
X_2850,0.12455335191734605
X_1151,0.12455335191734605
X_1928,0.12498893314506256
X_379,0.12535181384048882
X_2410,0.12995359452662922
X_2440,0.13158892322776938
X_1744,0.13306898621448435
X_1188,0.13317327274565824
X_1785,0.13324185343867542
X_1864,0.1335286175066589
X_2777,0.13448306602739576
X_2778,0.13586216923035296
X_1376,0.1369056537872002
X_1906,0.13784685863309412
X_1611,0.13817591216182984
X_1099,0.13915788082504518
X_2854,0.13915788082504518
X_1189,0.13988087792045442
X_2772,0.14050092010851642
X_1886,0.14060828199407874
X_1310,0.14103421286164794
X_1243,0.14103421286164794
X_1884,0.14226940753520104
X_2456,0.1423793197218385
X_1420,0.14329275239710093
X_1322,0.14404791548139131
X_2849,0.14404791548139131
X_1124,0.14404791548139131
X_1779,0.14453809278608457
X_302,0.14579146967025913
X_1179,0.14733577734414346
X_132,0.14790005479344823
X_1904,0.14842768039916152
X_1932,0.14942189892296745
X_1934,0.1495610040477322
X_1612,0.1546706586479689
X_296,0.1568353124467503
X_1324,0.159472463243756
X_2855,0.159472463243756
X_1126,0.159472463243756
X_2062,0.16525097068883254
X_1222,0.1652595511087878
X_299,0.16878277781766116
X_165,0.16883511952862484
X_1224,0.16940737951212512
X_2740,0.16992529619983138
X_1799,0.17095222686099373
X_1874,0.17179393015079963
X_370,0.17302766913542977
X_1912,0.17323383067892448
X_1153,0.17712372392076875
X_2856,0.17712372392076875
X_1357,0.18309807715791546
X_253,0.18325230613978685
X_1389,0.18396121154537762
X_293,0.18523548323429642
X_2444,0.1870506949581115
X_2490,0.18937654510259058
X_198,0.18937654510259058
X_2491,0.18937654510259058
X_2813,0.18937654510259058
X_1831,0.18989242775606457
X_1896,0.19156108573627967
X_1936,0.19182514096555586
X_289,0.19226381113161178
X_2769,0.19389962503510322
X_1920,0.19704463223767898
X_1914,0.1977279183571494
X_254,0.19987442391504068
X_1966,0.20230038019840219
X_1898,0.2030392671357086
X_1880,0.2032716229735294
X_297,0.2035580817069277
X_294,0.20654943948914453
X_310,0.2081365923531385
X_2552,0.21094133088087297
X_1757,0.21103260167383486
X_2076,0.21285067490503942
X_300,0.2162051619722589
X_291,0.21676816309999908
X_1895,0.21902999807078521
X_1704,0.21909167558443324
X_1868,0.22324991381725862
X_1786,0.2246976762999931
X_2786,0.2251416607988807
X_2752,0.2255789583197787
X_1890,0.22690237394150997
X_2795,0.22951094862765503
X_217,0.22967955961178194
X_2804,0.22967955961178194
X_2803,0.22967955961178194
X_2471,0.22967955961178194
X_2470,0.22967955961178194
X_2473,0.22967955961178194
X_2472,0.22967955961178194
X_225,0.22967955961178194
X_1858,0.23193114708927445
X_1867,0.2402799180989536
X_2093,0.24071157388185951
X_1877,0.24111633068339827
X_1533,0.2414486766604393
X_1875,0.24144938346488942
X_2023,0.2429361878195183
X_2825,0.24303622589055468
X_212,0.24303622589055468
X_2517,0.24303622589055468
X_2516,0.24303622589055468
X_292,0.24473526998322825
X_2702,0.24557628572526616
X_2017,0.2463259848390777
X_2701,0.24646303307921053
X_1703,0.2470387520203685
X_2700,0.24742152146875204
X_1945,0.2487690232898383
X_1856,0.24901399427932322
X_1921,0.25196354148985933
X_2760,0.2532548360119204
X_2482,0.2561351590436844
X_2483,0.2561351590436844
X_230,0.2561351590436844
X_2809,0.2561351590436844
X_1962,0.2593569360971243
X_2870,0.2593569360971243
X_2184,0.26406510094779023
X_2543,0.26406510094779023
X_2842,0.27249779632646304
X_2783,0.27342319730349796
X_1780,0.2736759550016955
X_215,0.2767614580502377
X_2522,0.2767614580502377
X_2523,0.2767614580502377
X_2828,0.2767614580502377
X_1952,0.27824175158570014
X_2806,0.28068474140683025
X_2477,0.28068474140683025
X_2476,0.28068474140683025
X_227,0.28068474140683025
X_1878,0.2818707024137283
X_1876,0.2818760103218126
X_1750,0.28556675927341196
X_2135,0.2865926406825948
X_2215,0.2865926406825948
X_2287,0.2865926406825948
X_2358,0.2865926406825948
X_2214,0.2865926406825948
X_2578,0.2865926406825948
X_2579,0.2865926406825948
X_2359,0.2865926406825948
X_2286,0.2865926406825948
X_2134,0.2865926406825948
X_1927,0.28737811077614583
X_1888,0.29189323338039674
X_1964,0.2933882386396481
X_1815,0.29598736605791115
X_1882,0.2971809752259672
X_1954,0.29864360042797383
X_231,0.30086100190840037
X_2810,0.30086100190840037
X_2485,0.30086100190840037
X_2484,0.30086100190840037
X_228,0.3010252099888656
X_2481,0.3010252099888656
X_2480,0.3010252099888656
X_2479,0.3010252099888656
X_2478,0.3010252099888656
X_2808,0.3010252099888656
X_229,0.3010252099888656
X_2807,0.3010252099888656
X_1887,0.3025350882578844
X_1788,0.30603697970242244
X_2801,0.30945692342656944
X_2498,0.30975300455270266
X_2817,0.30975300455270266
X_2499,0.30975300455270266
X_202,0.30975300455270266
X_2097,0.31000049418062214
X_207,0.31000713436359073
X_2821,0.31000713436359073
X_2506,0.31000713436359073
X_2507,0.31000713436359073
X_1756,0.312376334047645
X_1889,0.3127382063681173
X_1787,0.3138349615928166
X_224,0.3202516657343629
X_2538,0.3202516657343629
X_2539,0.3202516657343629
X_2836,0.3202516657343629
X_1911,0.3209735052945173
X_203,0.3210798912266338
X_2501,0.3210798912266338
X_2818,0.3210798912266338
X_2500,0.3210798912266338
X_2712,0.3224161438877194
X_1903,0.32248874510428227
X_2723,0.32417489534853905
X_197,0.32538553277761945
X_196,0.32538553277761945
X_2811,0.32538553277761945
X_2812,0.32538553277761945
X_2488,0.32538553277761945
X_2489,0.32538553277761945
X_2487,0.32538553277761945
X_2486,0.32538553277761945
X_2814,0.32538903768027644
X_199,0.32538903768027644
X_2493,0.32538903768027644
X_2492,0.32538903768027644
X_2722,0.32591919487984333
X_1752,0.32644354173484
X_1905,0.32839361268879114
X_1714,0.33083913995535263
X_1809,0.3316490088442359
X_1829,0.3316490088442359
X_2531,0.3319623207244845
X_220,0.3319623207244845
X_2832,0.3319623207244845
X_2530,0.3319623207244845
X_2508,0.3323054515677332
X_208,0.3323054515677332
X_2822,0.3323054515677332
X_2509,0.3323054515677332
X_1897,0.33238402226765945
X_1881,0.33239483376490064
X_1894,0.332657242841985
X_1892,0.3328763788455352
X_2514,0.3329841732672087
X_2515,0.3329841732672087
X_211,0.3329841732672087
X_1885,0.33407206101013426
X_1883,0.334141916959913
X_1913,0.3389378273137699
X_1902,0.33939244692762927
X_1900,0.3394275121516636
X_2708,0.3397776580329841
X_2713,0.34029640163793284
X_1919,0.3406222221606701
X_201,0.3409900796586061
X_200,0.3409900796586061
X_2494,0.3409900796586061
X_2495,0.3409900796586061
X_2816,0.3409900796586061
X_2496,0.3409900796586061
X_2815,0.3409900796586061
X_2497,0.3409900796586061
X_2707,0.3414928689980937
X_2025,0.34194968970414524
X_2706,0.3423391179425195
X_1758,0.3447128602929237
X_2714,0.34487974645152175
X_1764,0.34621207554406536
X_245,0.3462289299111198
X_209,0.34681886082740426
X_210,0.34681886082740426
X_2510,0.34681886082740426
X_2512,0.34681886082740426
X_2513,0.34681886082740426
X_2823,0.34681886082740426
X_2824,0.34681886082740426
X_2511,0.34681886082740426
X_1741,0.34725018266176044
X_1935,0.3495350519651693
X_2019,0.3509657783728213
X_1712,0.35145426038281297
X_2834,0.35151538507118135
X_2835,0.35151538507118135
X_223,0.35151538507118135
X_2537,0.35151538507118135
X_2534,0.35151538507118135
X_222,0.35151538507118135
X_2536,0.35151538507118135
X_2535,0.35151538507118135
X_1899,0.3546283542805896
X_1901,0.3546283542805896
X_1917,0.3560552246131219
X_1915,0.3560552246131219
X_1941,0.35626885171987027
X_2095,0.3563704146762114
X_1939,0.35663206582167745
X_1891,0.35773789418848456
X_1893,0.35773789418848456
X_2502,0.3609437086159098
X_2505,0.3609437086159098
X_2503,0.3609437086159098
X_204,0.3609437086159098
X_205,0.3609437086159098
X_2820,0.3609437086159098
X_2819,0.3609437086159098
X_2504,0.3609437086159098
X_1943,0.3665513781930058
X_2056,0.3693297359028454
X_1909,0.37368728265810935
X_1907,0.37368728265810935
X_2385,0.3746227438483636
X_2384,0.3746227438483636
X_2312,0.3746227438483636
X_2605,0.3746227438483636
X_2240,0.3746227438483636
X_2241,0.3746227438483636
X_2161,0.3746227438483636
X_2160,0.3746227438483636
X_2313,0.3746227438483636
X_2604,0.3746227438483636
X_2063,0.37478426790666997
X_2100,0.37478426790666997
X_2070,0.37478426790666997
X_2021,0.3760768455190479
X_1933,0.37817983095909147
X_1931,0.3784039247579264
X_1955,0.3785231726319935
X_2830,0.37916622192659655
X_2831,0.37916622192659655
X_219,0.37916622192659655
X_2529,0.37916622192659655
X_218,0.37916622192659655
X_2526,0.37916622192659655
X_2527,0.37916622192659655
X_2528,0.37916622192659655
X_2524,0.3794811612923057
X_216,0.3794811612923057
X_2525,0.3794811612923057
X_2829,0.3794811612923057
X_2086,0.38001807589408393
X_2106,0.38001807589408393
X_2079,0.38001807589408393
X_2518,0.38228307368328357
X_2520,0.38228307368328357
X_2521,0.38228307368328357
X_214,0.38228307368328357
X_213,0.38228307368328357
X_2826,0.38228307368328357
X_2827,0.38228307368328357
X_2519,0.38228307368328357
X_1762,0.38321154567883653
X_1938,0.38351439950096156
X_1929,0.3835199985616557
X_1910,0.3835709174815967
X_1908,0.38374969120439945
X_1925,0.3884298471025407
X_1923,0.3885633193330193
X_2561,0.39296999022704937
X_2560,0.39296999022704937
X_2559,0.39296999022704937
X_2115,0.39296999022704937
X_2558,0.39296999022704937
X_2114,0.39296999022704937
X_2266,0.39296999022704937
X_2269,0.39296999022704937
X_2341,0.39296999022704937
X_2117,0.39296999022704937
X_2267,0.39296999022704937
X_2197,0.39296999022704937
X_2196,0.39296999022704937
X_2195,0.39296999022704937
X_2194,0.39296999022704937
X_2338,0.39296999022704937
X_2339,0.39296999022704937
X_2340,0.39296999022704937
X_2116,0.39296999022704937
X_2268,0.39296999022704937
X_2468,0.39694639525847697
X_2802,0.39694639525847697
X_206,0.39694639525847697
X_2469,0.39694639525847697
X_1431,0.3976962914539003
X_1432,0.3976962914539003
X_226,0.39785795168068067
X_2805,0.39785795168068067
X_2474,0.39785795168068067
X_2475,0.39785795168068067
X_2074,0.4025550886495525
X_2067,0.4025550886495525
X_2104,0.4025550886495525
X_1751,0.4073795459942839
X_1782,0.4100674448208245
X_2351,0.4103944964143574
X_2279,0.4103944964143574
X_2278,0.4103944964143574
X_2350,0.4103944964143574
X_2207,0.4103944964143574
X_2206,0.4103944964143574
X_2126,0.4103944964143574
X_2127,0.4103944964143574
X_2570,0.4103944964143574
X_2571,0.4103944964143574
X_1873,0.41189616846906646
X_2060,0.41248501141839206
X_2833,0.41393423253235506
X_2533,0.41393423253235506
X_2532,0.41393423253235506
X_221,0.41393423253235506
X_1879,0.41573735472998335
X_1948,0.416613823812367
X_2721,0.4208105634461791
X_248,0.42186665936609985
X_1944,0.42306055322673364
X_1720,0.4395000664689616
X_2201,0.44105898043796055
X_2565,0.44105898043796055
X_2345,0.44105898043796055
X_2344,0.44105898043796055
X_2564,0.44105898043796055
X_2200,0.44105898043796055
X_2121,0.44105898043796055
X_2272,0.44105898043796055
X_2273,0.44105898043796055
X_2120,0.44105898043796055
X_2247,0.4463223688756203
X_2166,0.4463223688756203
X_2319,0.4463223688756203
X_2610,0.4463223688756203
X_2246,0.4463223688756203
X_2391,0.4463223688756203
X_2611,0.4463223688756203
X_2390,0.4463223688756203
X_2167,0.4463223688756203
X_2318,0.4463223688756203
X_2090,0.4542073506200591
X_2083,0.4542073506200591
X_2110,0.4542073506200591
X_1763,0.4545921382205622
X_1937,0.4569505179870993
X_371,0.45791515017667844
X_1793,0.4601715489061004
X_2418,0.46331463297111025
X_307,0.47496117905897367
X_2587,0.4774027910954892
X_2223,0.4774027910954892
X_2294,0.4774027910954892
X_2222,0.4774027910954892
X_2142,0.4774027910954892
X_2295,0.4774027910954892
X_2143,0.4774027910954892
X_2586,0.4774027910954892
X_2366,0.4774027910954892
X_2367,0.4774027910954892
X_1969,0.47862989764225233
X_2005,0.47862989764225233
X_1993,0.47862989764225233
X_1967,0.48094838044324006
X_2731,0.4819544213134562
X_1949,0.4841824222164095
X_2280,0.4878327586974669
X_2573,0.4878327586974669
X_2572,0.4878327586974669
X_2128,0.4878327586974669
X_2353,0.4878327586974669
X_2352,0.4878327586974669
X_2129,0.4878327586974669
X_2281,0.4878327586974669
X_2208,0.4878327586974669
X_2209,0.4878327586974669
X_2029,0.48982185707670317
X_1981,0.48982559911162626
X_1781,0.48993900911742366
X_1987,0.4906319786526805
X_2035,0.4906319786526805
X_2011,0.4909648362643695
X_1999,0.4909648362643695
X_1975,0.4909648362643695
X_258,0.4932557485494997
X_2375,0.498761662327934
X_2151,0.498761662327934
X_2150,0.498761662327934
X_2374,0.498761662327934
X_2595,0.498761662327934
X_2302,0.498761662327934
X_2303,0.498761662327934
X_2594,0.498761662327934
X_2230,0.498761662327934
X_2231,0.498761662327934
X_256,0.5048569399279265
X_257,0.5143440541751689
X_2589,0.5183538533351696
X_2145,0.5183538533351696
X_2144,0.5183538533351696
X_2296,0.5183538533351696
X_2588,0.5183538533351696
X_2225,0.5183538533351696
X_2297,0.5183538533351696
X_2368,0.5183538533351696
X_2369,0.5183538533351696
X_2224,0.5183538533351696
X_2001,0.5196891620742911
X_2013,0.5196891620742911
X_1977,0.5196891620742911
X_2407,0.520633393128266
X_2182,0.520633393128266
X_2406,0.520633393128266
X_2183,0.520633393128266
X_2626,0.520633393128266
X_2263,0.520633393128266
X_2262,0.520633393128266
X_2335,0.520633393128266
X_2334,0.520633393128266
X_2627,0.520633393128266
X_131,0.5264313907830983
X_130,0.5264313907830983
X_2581,0.5265744865250125
X_2580,0.5265744865250125
X_2360,0.5265744865250125
X_2289,0.5265744865250125
X_2288,0.5265744865250125
X_2361,0.5265744865250125
X_2137,0.5265744865250125
X_2216,0.5265744865250125
X_2136,0.5265744865250125
X_2217,0.5265744865250125
X_2152,0.5299025859224936
X_2232,0.5299025859224936
X_2377,0.5299025859224936
X_2597,0.5299025859224936
X_2233,0.5299025859224936
X_2376,0.5299025859224936
X_2304,0.5299025859224936
X_2596,0.5299025859224936
X_2305,0.5299025859224936
X_2153,0.5299025859224936
X_2283,0.530144918244222
X_2354,0.530144918244222
X_2577,0.530144918244222
X_2576,0.530144918244222
X_2575,0.530144918244222
X_2574,0.530144918244222
X_2355,0.530144918244222
X_2356,0.530144918244222
X_2357,0.530144918244222
X_2131,0.530144918244222
X_2132,0.530144918244222
X_2133,0.530144918244222
X_2285,0.530144918244222
X_2284,0.530144918244222
X_2213,0.530144918244222
X_2130,0.530144918244222
X_2210,0.530144918244222
X_2282,0.530144918244222
X_2211,0.530144918244222
X_2212,0.530144918244222
X_2174,0.5317933296759687
X_2327,0.5317933296759687
X_2255,0.5317933296759687
X_2399,0.5317933296759687
X_2398,0.5317933296759687
X_2326,0.5317933296759687
X_2619,0.5317933296759687
X_2175,0.5317933296759687
X_2618,0.5317933296759687
X_2254,0.5317933296759687
X_2239,0.5334486681377795
X_2238,0.5334486681377795
X_2383,0.5334486681377795
X_2159,0.5334486681377795
X_2603,0.5334486681377795
X_2602,0.5334486681377795
X_2158,0.5334486681377795
X_2382,0.5334486681377795
X_2311,0.5334486681377795
X_2310,0.5334486681377795
X_1971,0.5383870114446966
X_1995,0.5383870114446966
X_2007,0.5383870114446966
X_372,0.5410136871906953
X_2349,0.5448475352871904
X_2348,0.5448475352871904
X_2347,0.5448475352871904
X_2202,0.5448475352871904
X_2276,0.5448475352871904
X_2204,0.5448475352871904
X_2346,0.5448475352871904
X_2205,0.5448475352871904
X_2203,0.5448475352871904
X_2124,0.5448475352871904
X_2566,0.5448475352871904
X_2123,0.5448475352871904
X_2122,0.5448475352871904
X_2567,0.5448475352871904
X_2275,0.5448475352871904
X_2568,0.5448475352871904
X_2569,0.5448475352871904
X_2274,0.5448475352871904
X_2125,0.5448475352871904
X_2277,0.5448475352871904
X_2141,0.550492106493136
X_2365,0.550492106493136
X_2364,0.550492106493136
X_2363,0.550492106493136
X_2584,0.550492106493136
X_2291,0.550492106493136
X_2292,0.550492106493136
X_2293,0.550492106493136
X_2362,0.550492106493136
X_2138,0.550492106493136
X_2583,0.550492106493136
X_2221,0.550492106493136
X_2220,0.550492106493136
X_2219,0.550492106493136
X_2290,0.550492106493136
X_2139,0.550492106493136
X_2218,0.550492106493136
X_2582,0.550492106493136
X_2585,0.550492106493136
X_2140,0.550492106493136
X_2037,0.5522383320631986
X_2322,0.5529169365195012
X_2394,0.5529169365195012
X_2395,0.5529169365195012
X_2396,0.5529169365195012
X_2253,0.5529169365195012
X_2325,0.5529169365195012
X_2614,0.5529169365195012
X_2615,0.5529169365195012
X_2616,0.5529169365195012
X_2617,0.5529169365195012
X_2397,0.5529169365195012
X_2170,0.5529169365195012
X_2252,0.5529169365195012
X_2324,0.5529169365195012
X_2251,0.5529169365195012
X_2323,0.5529169365195012
X_2173,0.5529169365195012
X_2250,0.5529169365195012
X_2171,0.5529169365195012
X_2172,0.5529169365195012
X_1989,0.5529350332821913
X_2154,0.5569033851211919
X_2378,0.5569033851211919
X_2379,0.5569033851211919
X_2598,0.5569033851211919
X_2599,0.5569033851211919
X_2309,0.5569033851211919
X_2600,0.5569033851211919
X_2601,0.5569033851211919
X_2155,0.5569033851211919
X_2381,0.5569033851211919
X_2307,0.5569033851211919
X_2306,0.5569033851211919
X_2380,0.5569033851211919
X_2234,0.5569033851211919
X_2157,0.5569033851211919
X_2236,0.5569033851211919
X_2237,0.5569033851211919
X_2156,0.5569033851211919
X_2308,0.5569033851211919
X_2235,0.5569033851211919
X_373,0.5589263147945257
X_374,0.5589263147945257
X_2373,0.5629345467828715
X_2147,0.5629345467828715
X_2148,0.5629345467828715
X_2149,0.5629345467828715
X_2370,0.5629345467828715
X_2372,0.5629345467828715
X_2146,0.5629345467828715
X_2371,0.5629345467828715
X_2591,0.5629345467828715
X_2590,0.5629345467828715
X_2228,0.5629345467828715
X_2227,0.5629345467828715
X_2226,0.5629345467828715
X_2300,0.5629345467828715
X_2299,0.5629345467828715
X_2298,0.5629345467828715
X_2229,0.5629345467828715
X_2592,0.5629345467828715
X_2301,0.5629345467828715
X_2593,0.5629345467828715
X_2031,0.5722144264682111
X_1983,0.5722276567881351
X_2623,0.5746132604117534
X_2260,0.5746132604117534
X_2402,0.5746132604117534
X_2403,0.5746132604117534
X_2404,0.5746132604117534
X_2259,0.5746132604117534
X_2181,0.5746132604117534
X_2180,0.5746132604117534
X_2625,0.5746132604117534
X_2178,0.5746132604117534
X_2405,0.5746132604117534
X_2261,0.5746132604117534
X_2624,0.5746132604117534
X_2622,0.5746132604117534
X_2179,0.5746132604117534
X_2258,0.5746132604117534
X_2332,0.5746132604117534
X_2333,0.5746132604117534
X_2331,0.5746132604117534
X_2330,0.5746132604117534
X_2249,0.5859778071406038
X_2613,0.5859778071406038
X_2168,0.5859778071406038
X_2169,0.5859778071406038
X_2392,0.5859778071406038
X_2320,0.5859778071406038
X_2321,0.5859778071406038
X_2393,0.5859778071406038
X_2248,0.5859778071406038
X_2612,0.5859778071406038
X_2607,0.5861490647235519
X_2165,0.5861490647235519
X_2387,0.5861490647235519
X_2386,0.5861490647235519
X_2162,0.5861490647235519
X_2242,0.5861490647235519
X_2389,0.5861490647235519
X_2388,0.5861490647235519
X_2243,0.5861490647235519
X_2606,0.5861490647235519
X_2608,0.5861490647235519
X_2317,0.5861490647235519
X_2163,0.5861490647235519
X_2315,0.5861490647235519
X_2314,0.5861490647235519
X_2244,0.5861490647235519
X_2164,0.5861490647235519
X_2609,0.5861490647235519
X_2245,0.5861490647235519
X_2316,0.5861490647235519
X_2072,0.590134562505877
X_2102,0.590134562505877
X_2065,0.590134562505877
X_2081,0.5962464583040528
X_2088,0.5962464583040528
X_2108,0.5962464583040528
X_2556,0.5969325556529002
X_2557,0.5969325556529002
X_2336,0.5969325556529002
X_2337,0.5969325556529002
X_2113,0.5969325556529002
X_2264,0.5969325556529002
X_2265,0.5969325556529002
X_2193,0.5969325556529002
X_2112,0.5969325556529002
X_2192,0.5969325556529002
X_2199,0.5989188880341709
X_2198,0.5989188880341709
X_2562,0.5989188880341709
X_2563,0.5989188880341709
X_2118,0.5989188880341709
X_2119,0.5989188880341709
X_2271,0.5989188880341709
X_2270,0.5989188880341709
X_2342,0.5989188880341709
X_2343,0.5989188880341709
X_2033,0.6017365244707508
X_1985,0.6024182246014803
X_2177,0.6145730202728351
X_2329,0.6145730202728351
X_2256,0.6145730202728351
X_2257,0.6145730202728351
X_2176,0.6145730202728351
X_2621,0.6145730202728351
X_2328,0.6145730202728351
X_2401,0.6145730202728351
X_2400,0.6145730202728351
X_2620,0.6145730202728351
X_189,0.662797936303538
X_1012,0.6704639978352124
X_1010,0.6704639978352124
X_318,0.707870968233
X_1523,0.8153546955513364
X_1524,0.8153546955513364
X_1525,0.8153546955513364
X_1407,0.889424969610149
