feature,correlation
X_368,-0.704872174
X_367,-0.704643641
X_335,-0.696086862
X_2779,-0.66683676
X_1849,-0.666606258
X_2467,-0.666606258
X_2466,-0.662502731
X_1833,-0.662502731
X_2780,-0.66245725
X_2841,-0.660279868
X_242,-0.653785984
X_243,-0.653785984
X_240,-0.644067229
X_2187,-0.579792615
X_2547,-0.579792615
X_2787,-0.544873088
X_2000,-0.521211894
X_1976,-0.521211894
X_2012,-0.521211894
X_2061,-0.502979967
X_2014,-0.499403453
X_2002,-0.499403453
X_1978,-0.499403453
X_2791,-0.492657309
X_2788,-0.491844683
X_267,-0.488115437
X_265,-0.483950476
X_2790,-0.483475184
X_1988,-0.482465169
X_2036,-0.482465169
X_266,-0.479153116
X_2030,-0.475369155
X_1982,-0.47507889
X_2016,-0.455281756
X_1980,-0.455281756
X_2004,-0.455281756
X_2006,-0.440634708
X_1994,-0.440634708
X_1970,-0.440634708
X_2010,-0.429540059
X_1998,-0.429540059
X_1974,-0.429540059
X_2064,-0.429386971
X_2101,-0.429386971
X_2071,-0.429386971
X_2038,-0.429054039
X_1992,-0.427220815
X_2040,-0.427220815
X_1990,-0.424607702
X_2034,-0.420427887
X_1986,-0.420423683
X_1859,-0.416981075
X_290,-0.401026478
X_1857,-0.399138171
X_287,-0.396597097
X_1865,-0.383947723
X_2789,-0.378511723
X_2087,-0.376690747
X_2080,-0.376690747
X_2107,-0.376690747
X_2799,-0.370534303
X_285,-0.370527997
X_2705,-0.36287472
X_2024,-0.359299567
X_2728,-0.355431755
X_2796,-0.354563327
X_1818,-0.353184964
X_1717,-0.352623035
X_2414,-0.352623035
X_2727,-0.352623035
X_356,-0.351167154
X_1718,-0.348352661
X_2415,-0.347870678
X_120,-0.346878512
X_2003,-0.345503556
X_1979,-0.345503556
X_2015,-0.345503556
X_1825,-0.343352086
X_1805,-0.343352086
X_2018,-0.338001281
X_121,-0.337999976
X_1991,-0.337372453
X_2039,-0.335902762
X_1824,-0.333417019
X_1804,-0.333417019
X_358,-0.33335872
X_306,-0.332967922
X_2792,-0.32733516
X_1826,-0.323635598
X_1806,-0.323635598
X_90,-0.321368901
X_309,-0.313491426
X_1830,-0.310198225
X_1810,-0.310198225
X_1794,-0.308420135
X_1770,-0.308239225
X_1953,-0.304073104
X_2026,-0.303185404
X_2032,-0.302996659
X_1984,-0.30215539
X_2797,-0.301076507
X_1817,-0.300152964
X_352,-0.29719042
X_2043,-0.295126565
X_2041,-0.29092375
X_2704,-0.290084103
X_2042,-0.285862708
X_1821,-0.282962355
X_1800,-0.280167883
X_1965,-0.279870842
X_2058,-0.27236906
X_1162,-0.265422361
X_1667,-0.265422361
X_2008,-0.262295222
X_1996,-0.262295222
X_1972,-0.262295222
X_129,-0.260207682
X_2094,-0.256070184
X_357,-0.254914914
X_350,-0.254199501
X_1768,-0.252671293
X_1686,-0.248426902
X_2793,-0.245846123
X_530,-0.240550857
X_128,-0.239317553
X_2548,-0.233652116
X_2545,-0.233652116
X_2748,-0.229686087
X_364,-0.219889504
X_332,-0.219401241
X_2191,-0.217698017
X_2555,-0.217698017
X_366,-0.216355056
X_365,-0.215752147
X_333,-0.215055818
X_1834,-0.21444307
X_308,-0.212490659
X_295,-0.212134123
X_532,-0.208204804
X_341,-0.206886433
X_177,-0.205436193
X_1668,-0.204667025
X_1603,-0.202377628
X_321,-0.199874424
X_320,-0.199874424
X_529,-0.199795374
X_349,-0.199458096
X_977,-0.199373344
X_339,-0.199103475
X_604,-0.198442642
X_2869,-0.198438461
X_1961,-0.198438461
X_348,-0.197588674
X_2454,-0.19727886
X_331,-0.195713037
X_1416,-0.194205994
X_533,-0.193513879
X_2077,-0.192533586
X_2069,-0.192533586
X_1604,-0.189579902
X_270,-0.186896039
X_268,-0.186896039
X_1747,-0.182050492
X_1627,-0.180647196
X_1819,-0.180256541
X_157,-0.18013992
X_2441,-0.179982924
X_1425,-0.179832639
X_353,-0.179642109
X_1605,-0.177332964
X_1595,-0.177105394
X_1560,-0.176603033
X_2449,-0.176115039
X_1619,-0.174153863
X_976,-0.171461662
X_1798,-0.171246054
X_153,-0.17063703
X_1417,-0.170166798
X_1958,-0.170144163
X_2866,-0.170144163
X_1708,-0.170131976
X_1593,-0.169384285
X_1412,-0.169025438
X_1597,-0.168625271
X_1413,-0.165705286
X_171,-0.164622229
X_1596,-0.164190288
X_1598,-0.163807
X_1666,-0.16368651
X_1850,-0.163581081
X_974,-0.162950898
X_949,-0.162819981
X_2453,-0.162108196
X_1591,-0.161980965
X_1411,-0.161651495
X_1599,-0.161310048
X_1594,-0.160546748
X_1606,-0.160398449
X_1410,-0.15848345
X_1601,-0.158365944
X_361,-0.15751484
X_1415,-0.157221682
X_1946,-0.157199452
X_337,-0.15708102
X_1461,-0.156317007
X_1028,-0.156317007
X_1600,-0.156188459
X_1414,-0.155741792
X_863,-0.155052853
X_2729,-0.154725305
X_1602,-0.153985219
X_1592,-0.153047192
X_1628,-0.152902736
X_2774,-0.152094958
X_2773,-0.152094958
X_2096,-0.151008175
X_2438,-0.147618611
X_2103,-0.146716506
X_2066,-0.146716506
X_2073,-0.146716506
X_1424,-0.145250716
X_1045,-0.145117462
X_1402,-0.145117462
X_669,-0.144480959
X_464,-0.143726073
X_726,-0.143726073
X_2434,-0.140690132
X_1169,-0.139681787
X_1710,-0.139594049
X_1738,-0.139585302
X_1736,-0.139585302
X_835,-0.139510692
X_607,-0.138370998
X_2756,-0.138253777
X_1062,-0.13768698
X_1462,-0.13768698
X_1351,-0.136376294
X_161,-0.135278932
X_1518,-0.135209287
X_1813,-0.134674233
X_1541,-0.134213498
X_1539,-0.134070613
X_1538,-0.1339262
X_1607,-0.133530741
X_1418,-0.133527499
X_1608,-0.133524006
X_973,-0.132471758
X_1629,-0.131697252
X_1218,-0.130649046
X_1520,-0.130649046
X_1716,-0.130482002
X_1163,-0.130223325
X_957,-0.130223325
X_696,-0.129979737
X_452,-0.129979737
X_2020,-0.129792097
X_2435,-0.129282384
X_43,-0.127874352
X_1288,-0.127037193
X_1854,-0.12632144
X_1077,-0.126067808
X_1473,-0.126067808
X_1104,-0.126067236
X_1474,-0.126067236
X_1131,-0.126066972
X_1475,-0.126066972
X_1705,-0.12510597
X_1697,-0.125076118
X_1617,-0.124883655
X_948,-0.123570062
X_2442,-0.122899406
X_1620,-0.121501936
X_864,-0.121457137
X_524,-0.121457137
X_1287,-0.121025861
X_1690,-0.120942242
X_1264,-0.120367962
X_397,-0.120174808
X_525,-0.120174808
X_1183,-0.119678884
X_1564,-0.119474059
X_1167,-0.119426438
X_2443,-0.11837412
X_2082,-0.117410264
X_2089,-0.117410264
X_2109,-0.117410264
X_156,-0.116684344
X_573,-0.115933174
X_1350,-0.11561782
X_658,-0.114165371
X_354,-0.113988173
X_1561,-0.113126224
X_2085,-0.112818374
X_2092,-0.112818374
X_1665,-0.112300755
X_2105,-0.11210418
X_2075,-0.11210418
X_2068,-0.11210418
X_38,-0.111935097
X_1534,-0.111465393
X_2754,-0.11092385
X_677,-0.110822527
X_1340,-0.110788333
X_2009,-0.110682962
X_1997,-0.110682962
X_1973,-0.110682962
X_2554,-0.110125248
X_1175,-0.110087976
X_1664,-0.109801131
X_1161,-0.109801131
X_1530,-0.109252703
X_63,-0.109183362
X_151,-0.10868095
X_175,-0.108637881
X_1822,-0.107875753
X_1187,-0.107545561
X_1192,-0.107171624
X_1519,-0.106765682
X_1284,-0.106230144
X_454,-0.105920923
X_725,-0.105920923
X_269,-0.105826983
X_1359,-0.105770968
X_1630,-0.10533129
X_1663,-0.105115465
X_688,-0.104912306
X_1366,-0.104771634
X_1482,-0.104114808
X_1082,-0.104114808
X_1517,-0.103958174
X_1696,-0.103817662
X_1653,-0.103250113
X_1430,-0.103247267
X_1654,-0.103247245
X_1171,-0.102924585
X_1521,-0.102467827
X_407,-0.102227713
X_534,-0.102227713
X_2,-0.101994974
X_1433,-0.101839647
X_1026,-0.101839647
X_338,-0.101773723
X_1549,-0.101383073
X_2084,-0.101377515
X_2111,-0.101377515
X_2091,-0.101377515
X_1261,-0.101317815
X_1652,-0.101304576
X_954,-0.100996866
X_1483,-0.100975132
X_1109,-0.100975132
X_1547,-0.100833053
X_1548,-0.100755975
X_1036,-0.100571679
X_1455,-0.100571679
X_1186,-0.100571679
X_1387,-0.100492913
X_1212,-0.100401076
X_1208,-0.100262324
X_1093,-0.100253279
X_1514,-0.100253279
X_1273,-0.100189197
X_2059,-0.100110879
X_1516,-0.099921322
X_1147,-0.099921322
X_1651,-0.099795802
X_1776,-0.099714062
X_1429,-0.099354472
X_1120,-0.099351251
X_1515,-0.099351251
X_858,-0.099266826
X_522,-0.099266826
X_1339,-0.098919362
X_1488,-0.098779568
X_1085,-0.098779568
X_1053,-0.098729252
X_1456,-0.098729252
X_1139,-0.098677151
X_1490,-0.098677151
X_1428,-0.098622284
X_263,-0.098606928
X_866,-0.098604554
X_1247,-0.098511657
X_1321,-0.098432349
X_1123,-0.098432349
X_2846,-0.098432349
X_2845,-0.098236264
X_1096,-0.098236264
X_1150,-0.098184557
X_2847,-0.098184557
X_2761,-0.098128115
X_1631,-0.098018667
X_1484,-0.09799691
X_1136,-0.09799691
X_1112,-0.097976093
X_1489,-0.097976093
X_1043,-0.097790692
X_1434,-0.097790692
X_1458,-0.097688166
X_1037,-0.097688166
X_757,-0.097542365
X_144,-0.097508695
X_1423,-0.097387695
X_1054,-0.097341758
X_1459,-0.097341758
X_1217,-0.096590713
X_1405,-0.096533324
X_1118,-0.096533324
X_1294,-0.09653205
X_1145,-0.096368479
X_1501,-0.096368479
X_1500,-0.096287549
X_1091,-0.096287549
X_277,-0.096113965
X_275,-0.096113965
X_179,-0.096083177
X_123,-0.095983631
X_1197,-0.095805011
X_1486,-0.095785273
X_1110,-0.095785273
X_1173,-0.095615487
X_1158,-0.095615487
X_1178,-0.095525228
X_1060,-0.095336714
X_1435,-0.095336714
X_1213,-0.094945898
X_2755,-0.094108434
X_1193,-0.093299982
X_1588,-0.092680693
X_1610,-0.09229643
X_1643,-0.092249619
X_1641,-0.092248219
X_1642,-0.092247718
X_1625,-0.092239303
X_1624,-0.092239009
X_1626,-0.092238815
X_1066,-0.092234862
X_962,-0.092234862
X_1290,-0.09223083
X_1609,-0.092157239
X_1587,-0.092155435
X_1586,-0.092103763
X_1419,-0.091946459
X_978,-0.091848245
X_2703,-0.091190185
X_1559,-0.090829359
X_2867,-0.090771917
X_1959,-0.090771917
X_1073,-0.090259674
X_965,-0.090259674
X_1460,-0.090172815
X_1071,-0.090172815
X_1647,-0.090123818
X_1056,-0.089958733
X_964,-0.089958733
X_767,-0.089692077
X_1039,-0.088955103
X_963,-0.088955103
X_1355,-0.08885416
X_2057,-0.088658003
X_2709,-0.088452822
X_176,-0.088427954
X_2770,-0.08825342
X_1470,-0.088127794
X_1075,-0.088127794
X_972,-0.087899468
X_908,-0.087734165
X_2710,-0.087605346
X_160,-0.087333466
X_1563,-0.087164164
X_784,-0.087133544
X_1947,-0.08700505
X_1308,-0.086991593
X_1242,-0.086991593
X_1033,-0.086740269
X_1447,-0.086740269
X_1401,-0.086739836
X_1050,-0.086739836
X_1067,-0.086738171
X_1448,-0.086738171
X_1660,-0.086665534
X_554,-0.086656385
X_1160,-0.086567953
X_1661,-0.086567953
X_1471,-0.086521706
X_1040,-0.086521706
X_1057,-0.086521572
X_1404,-0.086521572
X_1074,-0.086519953
X_1472,-0.086519953
X_1662,-0.086508842
X_88,-0.086358505
X_87,-0.086358505
X_86,-0.086358505
X_602,-0.086033457
X_97,-0.085646424
X_1032,-0.085340386
X_960,-0.085340386
X_1562,-0.08520805
X_1258,-0.085161672
X_1613,-0.085064192
X_1421,-0.084991874
X_1658,-0.084159009
X_1659,-0.084151137
X_98,-0.084013102
X_2737,-0.083913905
X_2424,-0.083913905
X_143,-0.083913905
X_1727,-0.083913905
X_1728,-0.083913905
X_1260,-0.083907565
X_1015,-0.08388229
X_1635,-0.083844396
X_1657,-0.083795358
X_1049,-0.083198947
X_961,-0.083198947
X_5,-0.082504906
X_141,-0.08233423
X_1344,-0.081866642
X_1636,-0.08162229
X_2784,-0.081412838
X_1614,-0.081047466
X_548,-0.080969708
X_1373,-0.080673419
X_380,-0.080238546
X_594,-0.079992351
X_1358,-0.079413605
X_459,-0.079029757
X_404,-0.079029757
X_1637,-0.078866942
X_99,-0.078767564
X_742,-0.078719813
X_489,-0.078719813
X_1276,-0.078647515
X_1485,-0.078096447
X_1083,-0.078096447
X_1198,-0.078096447
X_304,-0.078037197
X_624,-0.077886687
X_818,-0.077010673
X_2448,-0.076829336
X_979,-0.07661319
X_1960,-0.076163438
X_2868,-0.076163438
X_2458,-0.076102283
X_597,-0.076023365
X_1365,-0.075892877
X_1019,-0.075437163
X_1164,-0.075437163
X_2798,-0.075190238
X_2781,-0.075131052
X_724,-0.075081074
X_444,-0.075081074
X_612,-0.074566332
X_22,-0.074459558
X_362,-0.074259537
X_2758,-0.074097453
X_1529,-0.073821776
X_1221,-0.073821776
X_1285,-0.07353715
X_531,-0.073489546
X_1671,-0.073267236
X_694,-0.073186828
X_167,-0.072897288
X_1672,-0.07258803
X_625,-0.072584232
X_857,-0.072584232
X_575,-0.072584232
X_1268,-0.071998761
X_2459,-0.070969037
X_406,-0.070925161
X_815,-0.070728436
X_1256,-0.06977352
X_20,-0.069663901
X_628,-0.069577233
X_578,-0.069577233
X_605,-0.069123703
X_635,-0.069123703
X_901,-0.068869336
X_1499,-0.068838754
X_1143,-0.068838754
X_1498,-0.068834337
X_1116,-0.068834337
X_1089,-0.068828328
X_1497,-0.068828328
X_1282,-0.067298965
X_1618,-0.066994714
X_1863,-0.066959398
X_1623,-0.06682548
X_110,-0.06637629
X_449,-0.065457201
X_403,-0.065457201
X_1349,-0.065117843
X_2185,-0.065072258
X_2544,-0.065072258
X_719,-0.064976253
X_442,-0.064976253
X_2751,-0.064667028
X_439,-0.064477273
X_865,-0.063276851
X_660,-0.06292952
X_756,-0.06238585
X_1301,-0.06234618
X_492,-0.062241572
X_748,-0.062241572
X_1174,-0.062025618
X_2427,-0.061443529
X_2426,-0.061267324
X_679,-0.060979723
X_1622,-0.06066166
X_1640,-0.060631234
X_586,-0.060578575
X_711,-0.060473828
X_1748,-0.060465091
X_2763,-0.06021695
X_60,-0.059972769
X_1406,-0.059919998
X_911,-0.058883904
X_496,-0.058883904
X_643,-0.058883904
X_483,-0.05845554
X_919,-0.05845554
X_1469,-0.058301338
X_1058,-0.058301338
X_627,-0.058219657
X_577,-0.058219657
X_1345,-0.058015304
X_1734,-0.057943202
X_286,-0.057684051
X_2711,-0.05763201
X_262,-0.057067792
X_344,-0.056717783
X_1383,-0.056674777
X_774,-0.056621214
X_21,-0.055563266
X_807,-0.055260282
X_2800,-0.05502719
X_645,-0.054961978
X_917,-0.054961978
X_498,-0.054961978
X_932,-0.054905955
X_720,-0.05471877
X_462,-0.05471877
X_683,-0.054715312
X_1341,-0.054667402
X_775,-0.054496247
X_1621,-0.053602067
X_906,-0.053516634
X_1302,-0.053418855
X_817,-0.053259681
X_184,-0.052889033
X_2771,-0.052653477
X_710,-0.052253847
X_471,-0.0522436
X_737,-0.0522436
X_599,-0.0521319
X_1235,-0.052115696
X_1170,-0.052058237
X_890,-0.051721132
X_891,-0.05171497
X_892,-0.051659895
X_893,-0.051643195
X_106,-0.051115276
X_2050,-0.051095414
X_813,-0.051024574
X_1391,-0.050498343
X_509,-0.050437118
X_671,-0.050292185
X_686,-0.050201968
X_727,-0.0496366
X_540,-0.0496366
X_446,-0.0496366
X_2416,-0.049514847
X_820,-0.049298931
X_1142,-0.048860461
X_1496,-0.048860461
X_1495,-0.048852585
X_1115,-0.048852585
X_1494,-0.04884532
X_1088,-0.04884532
X_2423,-0.048766197
X_1427,-0.048218695
X_137,-0.047962248
X_1820,-0.047893623
X_138,-0.047682411
X_801,-0.047668275
X_136,-0.047514144
X_1726,-0.046838649
X_555,-0.046821785
X_1732,-0.046680132
X_185,-0.046531561
X_768,-0.046339654
X_1730,-0.046277406
X_931,-0.046248018
X_1740,-0.045923932
X_311,-0.04571807
X_1304,-0.045668355
X_1238,-0.045668355
X_39,-0.045361574
X_1639,-0.045187981
X_1064,-0.045118828
X_1443,-0.045118828
X_1792,-0.045068865
X_898,-0.044706802
X_966,-0.044690072
X_1832,-0.044669816
X_261,-0.044504381
X_681,-0.044307134
X_1767,-0.04344552
X_814,-0.043377386
X_782,-0.043282231
X_816,-0.043129869
X_1791,-0.043076748
X_1769,-0.042566846
X_675,-0.042330011
X_514,-0.042295927
X_918,-0.042295927
X_690,-0.041816769
X_618,-0.041765568
X_990,-0.041763617
X_1546,-0.041506408
X_1545,-0.041412054
X_651,-0.041403479
X_1544,-0.041317513
X_468,-0.041243523
X_734,-0.041243523
X_1303,-0.041114303
X_1237,-0.041114303
X_423,-0.040672033
X_2433,-0.04054252
X_61,-0.040445189
X_560,-0.03989785
X_709,-0.03952698
X_904,-0.039519573
X_1210,-0.039479743
X_689,-0.039384946
X_1313,-0.039028982
X_1279,-0.039028982
X_94,-0.038968705
X_854,-0.038609172
X_668,-0.038594558
X_1638,-0.038546028
X_400,-0.038514759
X_445,-0.038514759
X_993,-0.038458551
X_994,-0.038452823
X_995,-0.038406411
X_539,-0.038396827
X_1231,-0.037926072
X_587,-0.037292728
X_109,-0.037029429
X_609,-0.036972804
X_2028,-0.036517948
X_1843,-0.036203341
X_629,-0.036194301
X_579,-0.036194301
X_1398,-0.036188175
X_2724,-0.035999552
X_1715,-0.035999552
X_2411,-0.035999552
X_435,-0.035428826
X_572,-0.035424602
X_1246,-0.03536736
X_57,-0.035353491
X_1267,-0.035156416
X_1076,-0.035077001
X_1467,-0.035077001
X_799,-0.035074404
X_855,-0.034415129
X_541,-0.034072385
X_447,-0.034072385
X_730,-0.034072385
X_907,-0.03383039
X_1346,-0.033809023
X_741,-0.033503612
X_547,-0.033503612
X_473,-0.033503612
X_2764,-0.032681431
X_598,-0.032389579
X_66,-0.032103363
X_576,-0.03203946
X_626,-0.03203946
X_545,-0.031894956
X_422,-0.031322871
X_805,-0.031312462
X_622,-0.031014284
X_164,-0.030986446
X_783,-0.030872854
X_2541,-0.030635974
X_1590,-0.030368097
X_1409,-0.030364229
X_1589,-0.030360514
X_2762,-0.030270589
X_822,-0.030120589
X_401,-0.030100169
X_455,-0.030100169
X_806,-0.02965344
X_1191,-0.029563484
X_482,-0.029426728
X_916,-0.029426728
X_913,-0.02941973
X_481,-0.02941973
X_589,-0.028727631
X_413,-0.02763893
X_614,-0.027467315
X_797,-0.027149928
X_868,-0.027123347
X_393,-0.027014387
X_421,-0.026442891
X_1646,-0.026405271
X_1016,-0.026377551
X_564,-0.026202421
X_819,-0.026190824
X_809,-0.026051272
X_2776,-0.025898634
X_752,-0.025137025
X_511,-0.025137025
X_712,-0.025034807
X_621,-0.024927956
X_574,-0.024927956
X_458,-0.024611455
X_697,-0.024611455
X_1205,-0.024570641
X_800,-0.024360415
X_552,-0.024333356
X_2749,-0.024233587
X_246,-0.024064704
X_826,-0.023999048
X_933,-0.023653474
X_412,-0.023622918
X_608,-0.023573286
X_276,-0.023456315
X_438,-0.02317536
X_1369,-0.023130592
X_17,-0.022226654
X_1271,-0.022089182
X_1745,-0.021512067
X_2546,-0.021451247
X_2186,-0.021451247
X_811,-0.021139528
X_1272,-0.020915062
X_1408,-0.020817513
X_517,-0.0207895
X_927,-0.0207895
X_593,-0.020709543
X_152,-0.020569506
X_848,-0.020457125
X_1269,-0.020450094
X_465,-0.02032998
X_402,-0.02032998
X_666,-0.020317344
X_713,-0.020050703
X_1706,-0.019786922
X_1182,-0.019625567
X_840,-0.019616364
X_173,-0.019562007
X_415,-0.01954057
X_967,-0.01942763
X_1172,-0.01942763
X_798,-0.019374512
X_592,-0.019351392
X_830,-0.018783787
X_1274,-0.018684434
X_1670,-0.01847384
X_405,-0.018265345
X_469,-0.018265345
X_536,-0.01757441
X_394,-0.017468294
X_1014,-0.017464551
X_723,-0.01726539
X_463,-0.01726539
X_2463,-0.017177656
X_1379,-0.017101193
X_877,-0.017018704
X_237,-0.016723739
X_670,-0.016098707
X_728,-0.016074291
X_456,-0.016074291
X_831,-0.015486994
X_665,-0.015315208
X_1277,-0.015250466
X_956,-0.015099472
X_718,-0.014773733
X_1669,-0.014714249
X_1390,-0.014503217
X_535,-0.014282923
X_520,-0.014282923
X_754,-0.013865755
X_1775,-0.013830523
X_656,-0.013729573
X_653,-0.013729573
X_493,-0.013729573
X_899,-0.013543349
X_630,-0.01347932
X_580,-0.01347932
X_968,-0.013165363
X_860,-0.012580845
X_497,-0.012375414
X_914,-0.012375414
X_644,-0.012375414
X_569,-0.012207674
X_384,-0.01177411
X_717,-0.011666167
X_606,-0.01140298
X_637,-0.01140298
X_139,-0.011269761
X_590,-0.011080709
X_834,-0.011080709
X_2450,-0.010966801
X_1211,-0.010882728
X_2767,-0.010811416
X_1397,-0.010547209
X_702,-0.010530686
X_878,-0.010317688
X_701,-0.010257124
X_947,-0.010253827
X_155,-0.00953086
X_596,-0.009114978
X_2422,-0.009024346
X_1105,-0.009005123
X_1132,-0.009005123
X_1078,-0.009005123
X_476,-0.008989369
X_549,-0.008989369
X_747,-0.008989369
X_1270,-0.008970423
X_1855,-0.008911281
X_284,-0.008500422
X_15,-0.008437664
X_885,-0.008434726
X_2432,-0.007970112
X_1047,-0.007906403
X_1442,-0.007906403
X_739,-0.007818116
X_460,-0.007818116
X_2717,-0.007682433
X_2785,-0.007508
X_705,-0.007429537
X_1266,-0.007361252
X_250,-0.007265854
X_1384,-0.00708413
X_722,-0.006955816
X_453,-0.006955816
X_45,-0.006889835
X_779,-0.006887703
X_733,-0.006710886
X_448,-0.006710886
X_1,-0.0063934
X_150,-0.00637982
X_2744,-0.005771129
X_416,-0.005733721
X_2747,-0.005686003
X_832,-0.005556939
X_2745,-0.005471239
X_856,-0.005355679
X_1232,-0.005304386
X_707,-0.005248606
X_998,-0.004864799
X_997,-0.004850849
X_996,-0.00483804
X_789,-0.004750799
X_2743,-0.004750548
X_546,-0.004336621
X_706,-0.004323663
X_703,-0.004282877
X_810,-0.003851168
X_408,-0.003653607
X_566,-0.003557954
X_59,-0.003283853
X_388,-0.003237577
X_780,-0.003192245
X_474,-0.002628134
X_417,-0.002532707
X_2460,-0.002485898
X_2461,-0.002485898
X_2734,-0.002347414
X_1566,-0.002189388
X_478,-0.002152196
X_1565,-0.002003999
X_1567,-0.001955965
X_461,-0.001916801
X_736,-0.001916801
X_54,-0.001829284
X_1245,-0.001471849
X_708,-0.00136531
X_808,-0.001092082
X_787,-0.001067365
X_2736,-0.000817618
X_1634,-0.000701069
X_2735,-0.000525616
X_18,-0.000406271
X_2445,-0.000297184
X_133,-0.000287915
X_1291,-0.000259875
X_2766,-6.58E-07
X_441,0.000410598
X_526,0.000410598
X_1306,0.000442406
X_1240,0.000442406
X_2421,0.000486178
X_1814,0.000500827
X_2431,0.001050482
X_975,0.001061151
X_140,0.001081564
X_915,0.00120784
X_513,0.00120784
X_1725,0.001354251
X_2840,0.001741545
X_766,0.001860737
X_1743,0.001962354
X_611,0.002053816
X_581,0.002277109
X_632,0.002277109
X_704,0.002321664
X_770,0.002331629
X_172,0.002593539
X_833,0.002918896
X_1957,0.00320132
X_850,0.004155358
X_386,0.005073423
X_148,0.00524975
X_758,0.005325469
X_506,0.005757599
X_595,0.005758761
X_765,0.006009691
X_1755,0.006181922
X_1347,0.006383486
X_1816,0.006710182
X_652,0.006881532
X_655,0.006881532
X_490,0.006881532
X_755,0.007074698
X_802,0.007207295
X_821,0.007273104
X_414,0.007352484
X_385,0.007794326
X_804,0.007875586
X_1694,0.008507045
X_903,0.008581247
X_1633,0.008923838
X_895,0.009645099
X_1742,0.009793925
X_523,0.010080679
X_861,0.010080679
X_437,0.010103613
X_829,0.010238889
X_443,0.010393933
X_721,0.010393933
X_1632,0.010451776
X_542,0.010522075
X_953,0.010638903
X_646,0.010719695
X_920,0.010719695
X_499,0.010719695
X_1257,0.011227357
X_2078,0.01141852
X_781,0.011433989
X_1746,0.011448456
X_616,0.011458966
X_803,0.011895467
X_1812,0.012445969
X_763,0.012707274
X_1337,0.012746332
X_896,0.012770832
X_585,0.0130383
X_510,0.013188095
X_58,0.013257093
X_740,0.013293543
X_470,0.013293543
X_1002,0.014059003
X_867,0.014494344
X_929,0.014507441
X_502,0.014507441
X_649,0.014507441
X_568,0.014726491
X_428,0.014774007
X_791,0.015749946
X_1555,0.015771553
X_251,0.015948415
X_2839,0.016985929
X_862,0.017315244
X_700,0.017684016
X_812,0.018218923
X_272,0.018337712
X_395,0.018484118
X_2022,0.019279478
X_2857,0.019434777
X_1100,0.019434777
X_2457,0.019463358
X_181,0.019498368
X_457,0.019716155
X_731,0.019716155
X_999,0.01976355
X_1001,0.019779577
X_1000,0.019788377
X_1375,0.020092271
X_685,0.020317344
X_654,0.020332667
X_494,0.020332667
X_657,0.020332667
X_2048,0.020475911
X_2049,0.020491292
X_2452,0.020736007
X_788,0.020784574
X_2098,0.020869056
X_2446,0.020957249
X_796,0.02100407
X_795,0.021264555
X_102,0.021304534
X_283,0.021396732
X_926,0.022046751
X_648,0.022046751
X_501,0.022046751
X_2716,0.022139075
X_2794,0.022215721
X_64,0.022287391
X_825,0.022460215
X_2430,0.022546127
X_450,0.022629549
X_738,0.022629549
X_938,0.022901192
X_1168,0.023229665
X_1204,0.023403081
X_1368,0.023438869
X_680,0.023534777
X_557,0.023845979
X_1930,0.023908855
X_682,0.023999472
X_537,0.024152281
X_1528,0.024226114
X_1527,0.024247526
X_1526,0.024269684
X_553,0.024581414
X_51,0.024988689
X_588,0.025240252
X_396,0.025292983
X_2718,0.025889433
X_1862,0.025935768
X_1336,0.025988965
X_571,0.026108491
X_1292,0.026335419
X_1342,0.026642828
X_662,0.026712241
X_897,0.026937423
X_236,0.027050155
X_939,0.027135962
X_451,0.028307051
X_735,0.028307051
X_664,0.02839413
X_1215,0.028786659
X_921,0.02897737
X_515,0.02897737
X_488,0.029204028
X_472,0.029204028
X_504,0.029204028
X_2551,0.029313088
X_2447,0.029640649
X_436,0.029664449
X_2746,0.029695311
X_894,0.029790739
X_591,0.030528473
X_168,0.030943379
X_1924,0.031032742
X_1926,0.031032821
X_477,0.031211793
X_1737,0.031354022
X_2742,0.031362307
X_2429,0.031362307
X_687,0.031400979
X_1382,0.031475181
X_1214,0.031492314
X_2455,0.031575922
X_1441,0.032119072
X_1030,0.032119072
X_1372,0.032156495
X_940,0.032166275
X_785,0.032259916
X_40,0.032929048
X_389,0.033019305
X_1307,0.033288245
X_1241,0.033288245
X_183,0.033384163
X_716,0.033590962
X_280,0.033920118
X_600,0.03415552
X_42,0.034623443
X_1127,0.034750434
X_2858,0.034750434
X_1325,0.034750434
X_769,0.034822787
X_527,0.034832857
X_398,0.034832857
X_1558,0.034975259
X_1374,0.035059105
X_1229,0.035081943
X_582,0.035128601
X_559,0.035415215
X_883,0.035505496
X_839,0.035631127
X_1386,0.035705801
X_838,0.036100672
X_684,0.036474657
X_2715,0.036667133
X_846,0.036678132
X_544,0.036971601
X_114,0.037015767
X_346,0.037064744
X_115,0.037216776
X_2027,0.037279923
X_869,0.037358553
X_518,0.038059074
X_930,0.038059074
X_1199,0.038195601
X_619,0.038242804
X_1233,0.038461587
X_1773,0.039052523
X_882,0.039173764
X_101,0.039958794
X_1239,0.040051029
X_1305,0.040051029
X_753,0.040158794
X_1230,0.040534836
X_271,0.04087707
X_273,0.04087707
X_107,0.041002465
X_1017,0.041049911
X_1299,0.041207021
X_1234,0.041207021
X_1201,0.04135698
X_762,0.04183243
X_562,0.04183243
X_845,0.041914861
X_46,0.041949986
X_1735,0.042057511
X_2428,0.042065756
X_2741,0.042065756
X_1950,0.042865767
X_946,0.043620157
X_233,0.043657536
X_113,0.043714399
X_603,0.044062409
X_1557,0.04429154
X_1283,0.044489236
X_180,0.044554204
X_288,0.044679478
X_2843,0.04475899
X_1378,0.045035979
X_1853,0.045038041
X_945,0.045860066
X_944,0.046041251
X_2465,0.046667053
X_238,0.046936679
X_1223,0.0470772
X_2719,0.047169127
X_105,0.047356252
X_1388,0.047796218
X_1207,0.047972756
X_1356,0.048292062
X_2859,0.048497216
X_1154,0.048497216
X_8,0.048637424
X_613,0.048682658
X_584,0.048771732
X_1556,0.04878828
X_1713,0.048828746
X_900,0.049209994
X_1296,0.050237685
X_1177,0.05055524
X_16,0.050688403
X_714,0.051127102
X_615,0.051473208
X_824,0.051536961
X_303,0.052037102
X_118,0.05282545
X_667,0.05293624
X_841,0.053711288
X_1918,0.054043671
X_1916,0.054049104
X_610,0.05414197
X_847,0.05414197
X_1181,0.054675563
X_1275,0.054945322
X_387,0.055035819
X_823,0.056011922
X_870,0.056047459
X_794,0.056621963
X_837,0.056687424
X_928,0.057038066
X_486,0.057038066
X_1225,0.057188463
X_2409,0.057336058
X_2051,0.05760538
X_13,0.05764193
X_1200,0.058961248
X_479,0.059063644
X_750,0.059063644
X_169,0.060054398
X_1440,0.060522927
X_1063,0.060522927
X_1774,0.0607754
X_1176,0.061360316
X_1673,0.061404673
X_922,0.06186216
X_484,0.06186216
X_2464,0.062420253
X_475,0.062626403
X_744,0.062626403
X_1286,0.062793762
X_1446,0.0630847
X_1065,0.0630847
X_126,0.063278809
X_842,0.06331325
X_851,0.063584265
X_1861,0.063707906
X_1280,0.063816806
X_1315,0.063816806
X_661,0.063883678
X_570,0.064012282
X_1444,0.06408283
X_1031,0.06408283
X_301,0.064110222
X_48,0.064502698
X_543,0.064748629
X_298,0.065297321
X_884,0.065360197
X_909,0.065481856
X_663,0.065568168
X_1263,0.065604194
X_1400,0.065763953
X_1046,0.065763953
X_1220,0.066135777
X_828,0.066519062
X_1371,0.067152934
X_1048,0.067694693
X_1445,0.067694693
X_163,0.067832562
X_538,0.068570808
X_1259,0.068682745
X_1184,0.068896265
X_1535,0.068926772
X_149,0.069687561
X_698,0.070513528
X_1860,0.070946687
X_1380,0.07106321
X_1209,0.07114311
X_1377,0.071230638
X_55,0.071278533
X_2759,0.071336331
X_7,0.071454675
X_11,0.072274146
X_678,0.072645051
X_1029,0.072648761
X_1439,0.072648761
X_146,0.072871486
X_127,0.073250894
X_1155,0.073417272
X_2862,0.073417272
X_1739,0.073512167
X_1385,0.073547428
X_871,0.074109048
X_925,0.074226987
X_485,0.074226987
X_2851,0.074360902
X_1098,0.074360902
X_12,0.07446459
X_601,0.074507264
X_1196,0.074632535
X_2768,0.074938808
X_550,0.074978009
X_1951,0.075469447
X_50,0.075523189
X_305,0.075528716
X_1922,0.075652515
X_563,0.076516003
X_827,0.077046025
X_2765,0.077285416
X_1254,0.077293647
X_2439,0.077842218
X_790,0.078653628
X_1262,0.078745166
X_1381,0.079056136
X_852,0.079266906
X_41,0.079552565
X_1323,0.07955789
X_2852,0.07955789
X_1125,0.07955789
X_111,0.079703959
X_659,0.07971606
X_2726,0.07992775
X_491,0.080057467
X_745,0.080057467
X_1226,0.080068627
X_2436,0.080087592
X_1554,0.080127061
X_1466,0.080496055
X_1059,0.080496055
X_2837,0.080790023
X_2853,0.080983662
X_1152,0.080983662
X_647,0.081383969
X_500,0.081383969
X_923,0.081383969
X_2720,0.081664621
X_47,0.081775615
X_1072,0.082271718
X_1464,0.082271718
X_345,0.08246943
X_134,0.083199209
X_2044,0.08334997
X_1963,0.083847516
X_1244,0.08395071
X_2046,0.084041454
X_247,0.084236495
X_117,0.084528112
X_1956,0.085168967
X_1679,0.085388865
X_1013,0.085788448
X_1295,0.085938838
X_9,0.086358505
X_2753,0.08662389
X_103,0.087551997
X_2047,0.088105063
X_2542,0.088348678
X_1463,0.088459652
X_1038,0.088459652
X_1338,0.088757745
X_853,0.088870323
X_1761,0.088977414
X_1166,0.089093909
X_959,0.089093909
X_1797,0.089200084
X_440,0.089449481
X_521,0.089449481
X_95,0.089551257
X_1195,0.08955303
X_1655,0.089640077
X_1297,0.08967458
X_1656,0.089875471
X_1135,0.08999746
X_983,0.090021182
X_982,0.090052811
X_1018,0.090225854
X_1159,0.090225854
X_1678,0.090276941
X_119,0.090562541
X_495,0.090959274
X_751,0.090959274
X_556,0.091030676
X_981,0.091037358
X_905,0.09106545
X_1055,0.091075919
X_1403,0.091075919
X_2045,0.091335318
X_1343,0.091480393
X_1278,0.091562464
X_1543,0.091669842
X_1140,0.091920585
X_1348,0.092138502
X_2190,0.092231726
X_2553,0.092231726
X_1360,0.092231732
X_1648,0.092346671
X_1108,0.092769421
X_1333,0.092769421
X_1330,0.092769421
X_1449,0.092996583
X_1034,0.092996583
X_1102,0.0930932
X_2863,0.0930932
X_1649,0.093117625
X_1095,0.093235607
X_1508,0.093235607
X_2413,0.093372924
X_1422,0.093465613
X_1450,0.093504571
X_1051,0.093504571
X_1236,0.09373231
X_1081,0.093862554
X_1454,0.094005633
X_1069,0.094005633
X_943,0.094079434
X_941,0.094159337
X_942,0.094208517
X_1027,0.094401896
X_1436,0.094401896
X_1451,0.094412986
X_1068,0.094412986
X_1615,0.094452645
X_1327,0.094525096
X_1129,0.094525096
X_2864,0.094525096
X_360,0.094527232
X_958,0.094550384
X_1165,0.094550384
X_1616,0.094641854
X_1335,0.094687957
X_1113,0.094687957
X_1332,0.094687957
X_159,0.095031393
X_2865,0.095214206
X_1156,0.095214206
X_1052,0.095440353
X_1453,0.095440353
X_1009,0.095794498
X_1011,0.095794498
X_1094,0.095879796
X_1505,0.095879796
X_1122,0.095990505
X_1509,0.095990505
X_1682,0.09622336
X_1452,0.096301623
X_1035,0.096301623
X_1121,0.096366163
X_1506,0.096366163
X_65,0.096395584
X_1650,0.096451012
X_1507,0.096527019
X_1148,0.096527019
X_1044,0.096580429
X_1437,0.096580429
X_1510,0.096637125
X_1149,0.096637125
X_1585,0.097223676
X_1968,0.097253785
X_1583,0.097456989
X_2451,0.097609368
X_1086,0.097763098
X_2408,0.097765803
X_1354,0.097787469
X_1493,0.097788531
X_1141,0.097788531
X_1584,0.097922137
X_1352,0.09796437
X_1465,0.09806488
X_1042,0.09806488
X_1180,0.098093729
X_1552,0.0982213
X_1551,0.098384371
X_1080,0.098502502
X_1479,0.098502502
X_1329,0.098576472
X_1138,0.098665408
X_1550,0.098678589
X_1133,0.098761186
X_1478,0.098761186
X_792,0.098761846
X_1477,0.098803539
X_1106,0.098803539
X_1079,0.098807987
X_1476,0.098807987
X_1480,0.098923654
X_1107,0.098923654
X_1331,0.098924849
X_1334,0.098924849
X_1111,0.098924849
X_1084,0.09905874
X_53,0.099157321
X_1134,0.099634916
X_1481,0.099634916
X_1512,0.099715913
X_1117,0.099715913
X_1114,0.099755885
X_1492,0.099755885
X_1536,0.099780476
X_1569,0.099850243
X_1570,0.099896494
X_1568,0.099923705
X_955,0.100049331
X_1087,0.100095555
X_1491,0.100095555
X_1144,0.100474206
X_1513,0.100474206
X_1353,0.101128465
X_24,0.101568862
X_2860,0.101988875
X_1101,0.101988875
X_1061,0.102097421
X_1438,0.102097421
X_1511,0.102438236
X_1090,0.102438236
X_980,0.102843124
X_507,0.103043032
X_746,0.103043032
X_2540,0.103203243
X_1674,0.104573757
X_984,0.104825671
X_1532,0.10489588
X_1203,0.105111688
X_1370,0.105764681
X_49,0.105839688
X_516,0.106052155
X_924,0.106052155
X_1202,0.10632194
X_1866,0.107567384
X_1281,0.107593685
X_52,0.107619041
X_991,0.108304423
X_985,0.109365338
X_2739,0.110372226
X_902,0.110659212
X_1194,0.110931958
X_1190,0.112046721
X_674,0.112754673
X_1542,0.113463194
X_2750,0.113837937
X_2782,0.114003438
X_2412,0.114239015
X_281,0.114330078
X_279,0.114330078
X_1228,0.11510297
X_44,0.116446653
X_2437,0.117012498
X_1289,0.117511734
X_875,0.117847933
X_1468,0.118783562
X_1041,0.118783562
X_1265,0.118856947
X_1300,0.119661175
X_986,0.119733893
X_1128,0.119782051
X_2861,0.119782051
X_1326,0.119782051
X_2099,0.120118968
X_1227,0.120222325
X_1553,0.120780913
X_1942,0.121284193
X_2725,0.12134018
X_1940,0.121506408
X_1097,0.123207138
X_2848,0.123207138
X_1185,0.123866638
X_2757,0.123913251
X_1540,0.124207752
X_2850,0.124553352
X_1151,0.124553352
X_876,0.124651684
X_1928,0.124988933
X_379,0.125351814
X_528,0.127572565
X_399,0.127572565
X_2410,0.129953595
X_2440,0.131588923
X_773,0.132356006
X_1744,0.133068986
X_1188,0.133173273
X_1785,0.133241853
X_1864,0.133528618
X_2777,0.134483066
X_2778,0.135862169
X_623,0.135890976
X_1376,0.136905654
X_418,0.137644974
X_1906,0.137846859
X_1611,0.138175912
X_565,0.139043288
X_2854,0.139157881
X_1099,0.139157881
X_419,0.139617055
X_1189,0.139880878
X_2772,0.14050092
X_1886,0.140608282
X_1310,0.141034213
X_1243,0.141034213
X_420,0.141120968
X_56,0.141601156
X_1884,0.142269408
X_2456,0.14237932
X_1420,0.143292752
X_1322,0.144047915
X_1124,0.144047915
X_2849,0.144047915
X_1779,0.144538093
X_302,0.14579147
X_786,0.147111785
X_1179,0.147335777
X_132,0.147900055
X_1904,0.14842768
X_1932,0.149421899
X_1934,0.149561004
X_693,0.149613343
X_1612,0.154670659
X_296,0.156835312
X_1324,0.159472463
X_1126,0.159472463
X_2855,0.159472463
X_2062,0.165250971
X_1222,0.165259551
X_62,0.166443597
X_299,0.168782778
X_165,0.16883512
X_1224,0.16940738
X_2740,0.169925296
X_1799,0.170952227
X_1874,0.17179393
X_370,0.173027669
X_1912,0.173233831
X_793,0.175774528
X_2856,0.177123724
X_1153,0.177123724
X_772,0.17850996
X_771,0.180367946
X_1357,0.183098077
X_253,0.183252306
X_1389,0.183961212
X_293,0.185235483
X_2444,0.187050695
X_2813,0.189376545
X_2490,0.189376545
X_198,0.189376545
X_2491,0.189376545
X_1831,0.189892428
X_1896,0.191561086
X_1936,0.191825141
X_289,0.192263811
X_2769,0.193899625
X_1920,0.197044632
X_1914,0.197727918
X_254,0.199874424
X_1966,0.20230038
X_1898,0.203039267
X_1880,0.203271623
X_297,0.203558082
X_294,0.206549439
X_310,0.208136592
X_2552,0.210941331
X_1757,0.211032602
X_2076,0.212850675
X_300,0.216205162
X_291,0.216768163
X_1895,0.219029998
X_1704,0.219091676
X_1868,0.223249914
X_1786,0.224697676
X_2786,0.225141661
X_2752,0.225578958
X_1890,0.226902374
X_2795,0.229510949
X_2471,0.22967956
X_2803,0.22967956
X_2804,0.22967956
X_2470,0.22967956
X_225,0.22967956
X_217,0.22967956
X_2473,0.22967956
X_2472,0.22967956
X_124,0.230053062
X_1858,0.231931147
X_125,0.237379967
X_1867,0.240279918
X_2093,0.240711574
X_1877,0.241116331
X_1533,0.241448677
X_1875,0.241449383
X_2023,0.242936188
X_212,0.243036226
X_2516,0.243036226
X_2517,0.243036226
X_2825,0.243036226
X_292,0.24473527
X_2702,0.245576286
X_2017,0.246325985
X_2701,0.246463033
X_1703,0.247038752
X_2700,0.247421521
X_1945,0.248769023
X_1856,0.249013994
X_1921,0.251963541
X_2760,0.253254836
X_2483,0.256135159
X_230,0.256135159
X_2809,0.256135159
X_2482,0.256135159
X_2870,0.259356936
X_1962,0.259356936
X_2184,0.264065101
X_2543,0.264065101
X_2842,0.272497796
X_2783,0.273423197
X_1780,0.273675955
X_2522,0.276761458
X_2523,0.276761458
X_2828,0.276761458
X_215,0.276761458
X_1952,0.278241752
X_2806,0.280684741
X_2476,0.280684741
X_2477,0.280684741
X_227,0.280684741
X_1878,0.281870702
X_1876,0.28187601
X_1750,0.285566759
X_2286,0.286592641
X_2215,0.286592641
X_2214,0.286592641
X_2135,0.286592641
X_2359,0.286592641
X_2134,0.286592641
X_2287,0.286592641
X_2579,0.286592641
X_2358,0.286592641
X_2578,0.286592641
X_1927,0.287378111
X_1888,0.291893233
X_1964,0.293388239
X_1815,0.295987366
X_1882,0.297180975
X_1954,0.2986436
X_2484,0.300861002
X_231,0.300861002
X_2810,0.300861002
X_2485,0.300861002
X_2478,0.30102521
X_2479,0.30102521
X_2480,0.30102521
X_228,0.30102521
X_229,0.30102521
X_2808,0.30102521
X_2807,0.30102521
X_2481,0.30102521
X_1887,0.302535088
X_1788,0.30603698
X_2801,0.309456923
X_2498,0.309753005
X_2499,0.309753005
X_2817,0.309753005
X_202,0.309753005
X_2097,0.310000494
X_2506,0.310007134
X_207,0.310007134
X_2821,0.310007134
X_2507,0.310007134
X_1756,0.312376334
X_1889,0.312738206
X_1787,0.313834962
X_2539,0.320251666
X_2538,0.320251666
X_2836,0.320251666
X_224,0.320251666
X_1911,0.320973505
X_2500,0.321079891
X_2818,0.321079891
X_203,0.321079891
X_2501,0.321079891
X_2712,0.322416144
X_1903,0.322488745
X_2723,0.324174895
X_2487,0.325385533
X_2486,0.325385533
X_2489,0.325385533
X_2812,0.325385533
X_2811,0.325385533
X_197,0.325385533
X_196,0.325385533
X_2488,0.325385533
X_2814,0.325389038
X_199,0.325389038
X_2493,0.325389038
X_2492,0.325389038
X_2722,0.325919195
X_1752,0.326443542
X_1905,0.328393613
X_1714,0.33083914
X_1829,0.331649009
X_1809,0.331649009
X_220,0.331962321
X_2531,0.331962321
X_2832,0.331962321
X_2530,0.331962321
X_2509,0.332305452
X_2822,0.332305452
X_208,0.332305452
X_2508,0.332305452
X_1897,0.332384022
X_1881,0.332394834
X_1894,0.332657243
X_1892,0.332876379
X_211,0.332984173
X_2515,0.332984173
X_2514,0.332984173
X_1885,0.334072061
X_1883,0.334141917
X_1913,0.338937827
X_1902,0.339392447
X_1900,0.339427512
X_2708,0.339777658
X_2713,0.340296402
X_1919,0.340622222
X_2495,0.34099008
X_2496,0.34099008
X_201,0.34099008
X_2497,0.34099008
X_2816,0.34099008
X_2815,0.34099008
X_2494,0.34099008
X_200,0.34099008
X_73,0.341056783
X_2707,0.341492869
X_2025,0.34194969
X_2706,0.342339118
X_1758,0.34471286
X_2714,0.344879746
X_1764,0.346212076
X_245,0.34622893
X_2512,0.346818861
X_2511,0.346818861
X_2510,0.346818861
X_2513,0.346818861
X_210,0.346818861
X_2823,0.346818861
X_209,0.346818861
X_2824,0.346818861
X_1741,0.347250183
X_1935,0.349535052
X_2019,0.350965778
X_1712,0.35145426
X_222,0.351515385
X_2536,0.351515385
X_223,0.351515385
X_2835,0.351515385
X_2834,0.351515385
X_2537,0.351515385
X_2534,0.351515385
X_2535,0.351515385
X_1899,0.354628354
X_1901,0.354628354
X_1917,0.356055225
X_1915,0.356055225
X_1941,0.356268852
X_2095,0.356370415
X_1939,0.356632066
X_1893,0.357737894
X_1891,0.357737894
X_2819,0.360943709
X_2502,0.360943709
X_2820,0.360943709
X_2504,0.360943709
X_2505,0.360943709
X_204,0.360943709
X_205,0.360943709
X_2503,0.360943709
X_1943,0.366551378
X_2056,0.369329736
X_1909,0.373687283
X_1907,0.373687283
X_2241,0.374622744
X_2240,0.374622744
X_2384,0.374622744
X_2313,0.374622744
X_2385,0.374622744
X_2312,0.374622744
X_2605,0.374622744
X_2161,0.374622744
X_2604,0.374622744
X_2160,0.374622744
X_2070,0.374784268
X_2100,0.374784268
X_2063,0.374784268
X_2021,0.376076846
X_1933,0.378179831
X_1931,0.378403925
X_1955,0.378523173
X_2526,0.379166222
X_219,0.379166222
X_2831,0.379166222
X_2830,0.379166222
X_218,0.379166222
X_2529,0.379166222
X_2528,0.379166222
X_2527,0.379166222
X_2829,0.379481161
X_2524,0.379481161
X_2525,0.379481161
X_216,0.379481161
X_2086,0.380018076
X_2106,0.380018076
X_2079,0.380018076
X_2826,0.382283074
X_2827,0.382283074
X_214,0.382283074
X_213,0.382283074
X_2521,0.382283074
X_2520,0.382283074
X_2518,0.382283074
X_2519,0.382283074
X_1762,0.383211546
X_1938,0.3835144
X_1929,0.383519999
X_1910,0.383570917
X_1908,0.383749691
X_1925,0.388429847
X_1923,0.388563319
X_2114,0.39296999
X_2115,0.39296999
X_2116,0.39296999
X_2266,0.39296999
X_2268,0.39296999
X_2267,0.39296999
X_2197,0.39296999
X_2196,0.39296999
X_2195,0.39296999
X_2338,0.39296999
X_2269,0.39296999
X_2339,0.39296999
X_2341,0.39296999
X_2194,0.39296999
X_2558,0.39296999
X_2559,0.39296999
X_2560,0.39296999
X_2561,0.39296999
X_2340,0.39296999
X_2117,0.39296999
X_2468,0.396946395
X_206,0.396946395
X_2469,0.396946395
X_2802,0.396946395
X_1432,0.397696291
X_1431,0.397696291
X_226,0.397857952
X_2805,0.397857952
X_2475,0.397857952
X_2474,0.397857952
X_2074,0.402555089
X_2104,0.402555089
X_2067,0.402555089
X_1751,0.407379546
X_1782,0.410067445
X_2278,0.410394496
X_2279,0.410394496
X_2571,0.410394496
X_2351,0.410394496
X_2126,0.410394496
X_2127,0.410394496
X_2207,0.410394496
X_2350,0.410394496
X_2206,0.410394496
X_2570,0.410394496
X_1873,0.411896168
X_2060,0.412485011
X_2533,0.413934233
X_2833,0.413934233
X_221,0.413934233
X_2532,0.413934233
X_1879,0.415737355
X_1948,0.416613824
X_2721,0.420810563
X_248,0.421866659
X_1944,0.423060553
X_1720,0.439500066
X_2345,0.44105898
X_2200,0.44105898
X_2564,0.44105898
X_2565,0.44105898
X_2272,0.44105898
X_2121,0.44105898
X_2120,0.44105898
X_2273,0.44105898
X_2344,0.44105898
X_2201,0.44105898
X_2610,0.446322369
X_2611,0.446322369
X_2318,0.446322369
X_2319,0.446322369
X_2247,0.446322369
X_2391,0.446322369
X_2246,0.446322369
X_2166,0.446322369
X_2167,0.446322369
X_2390,0.446322369
X_2110,0.454207351
X_2090,0.454207351
X_2083,0.454207351
X_1763,0.454592138
X_1937,0.456950518
X_371,0.45791515
X_1793,0.460171549
X_2418,0.463314633
X_307,0.474961179
X_2366,0.477402791
X_2294,0.477402791
X_2367,0.477402791
X_2223,0.477402791
X_2222,0.477402791
X_2143,0.477402791
X_2295,0.477402791
X_2586,0.477402791
X_2587,0.477402791
X_2142,0.477402791
X_1993,0.478629898
X_1969,0.478629898
X_2005,0.478629898
X_1967,0.48094838
X_2731,0.481954421
X_1949,0.484182422
X_2353,0.487832759
X_2208,0.487832759
X_2129,0.487832759
X_2209,0.487832759
X_2128,0.487832759
X_2352,0.487832759
X_2280,0.487832759
X_2281,0.487832759
X_2572,0.487832759
X_2573,0.487832759
X_2029,0.489821857
X_1981,0.489825599
X_1781,0.489939009
X_2035,0.490631979
X_1987,0.490631979
X_1975,0.490964836
X_1999,0.490964836
X_2011,0.490964836
X_258,0.493255749
X_2303,0.498761662
X_2230,0.498761662
X_2302,0.498761662
X_2231,0.498761662
X_2595,0.498761662
X_2150,0.498761662
X_2374,0.498761662
X_2375,0.498761662
X_2594,0.498761662
X_2151,0.498761662
X_256,0.50485694
X_257,0.514344054
X_2368,0.518353853
X_2296,0.518353853
X_2297,0.518353853
X_2144,0.518353853
X_2588,0.518353853
X_2225,0.518353853
X_2224,0.518353853
X_2589,0.518353853
X_2145,0.518353853
X_2369,0.518353853
X_2013,0.519689162
X_1977,0.519689162
X_2001,0.519689162
X_2407,0.520633393
X_2262,0.520633393
X_2182,0.520633393
X_2627,0.520633393
X_2626,0.520633393
X_2183,0.520633393
X_2263,0.520633393
X_2334,0.520633393
X_2335,0.520633393
X_2406,0.520633393
X_131,0.526431391
X_130,0.526431391
X_2216,0.526574487
X_2580,0.526574487
X_2217,0.526574487
X_2361,0.526574487
X_2136,0.526574487
X_2581,0.526574487
X_2289,0.526574487
X_2288,0.526574487
X_2137,0.526574487
X_2360,0.526574487
X_2377,0.529902586
X_2153,0.529902586
X_2304,0.529902586
X_2232,0.529902586
X_2233,0.529902586
X_2152,0.529902586
X_2376,0.529902586
X_2596,0.529902586
X_2597,0.529902586
X_2305,0.529902586
X_2133,0.530144918
X_2356,0.530144918
X_2355,0.530144918
X_2282,0.530144918
X_2357,0.530144918
X_2210,0.530144918
X_2283,0.530144918
X_2212,0.530144918
X_2574,0.530144918
X_2575,0.530144918
X_2213,0.530144918
X_2576,0.530144918
X_2577,0.530144918
X_2130,0.530144918
X_2131,0.530144918
X_2132,0.530144918
X_2285,0.530144918
X_2284,0.530144918
X_2211,0.530144918
X_2354,0.530144918
X_2327,0.53179333
X_2175,0.53179333
X_2399,0.53179333
X_2618,0.53179333
X_2619,0.53179333
X_2255,0.53179333
X_2398,0.53179333
X_2326,0.53179333
X_2254,0.53179333
X_2174,0.53179333
X_2603,0.533448668
X_2158,0.533448668
X_2310,0.533448668
X_2383,0.533448668
X_2238,0.533448668
X_2382,0.533448668
X_2159,0.533448668
X_2602,0.533448668
X_2311,0.533448668
X_2239,0.533448668
X_1971,0.538387011
X_1995,0.538387011
X_2007,0.538387011
X_372,0.541013687
X_2123,0.544847535
X_2568,0.544847535
X_2124,0.544847535
X_2125,0.544847535
X_2349,0.544847535
X_2348,0.544847535
X_2347,0.544847535
X_2346,0.544847535
X_2122,0.544847535
X_2569,0.544847535
X_2276,0.544847535
X_2274,0.544847535
X_2205,0.544847535
X_2204,0.544847535
X_2203,0.544847535
X_2202,0.544847535
X_2566,0.544847535
X_2567,0.544847535
X_2275,0.544847535
X_2277,0.544847535
X_2139,0.550492106
X_2584,0.550492106
X_2138,0.550492106
X_2582,0.550492106
X_2583,0.550492106
X_2585,0.550492106
X_2293,0.550492106
X_2365,0.550492106
X_2364,0.550492106
X_2363,0.550492106
X_2362,0.550492106
X_2292,0.550492106
X_2219,0.550492106
X_2290,0.550492106
X_2291,0.550492106
X_2220,0.550492106
X_2140,0.550492106
X_2141,0.550492106
X_2218,0.550492106
X_2221,0.550492106
X_2037,0.552238332
X_2397,0.552916937
X_2325,0.552916937
X_2170,0.552916937
X_2171,0.552916937
X_2394,0.552916937
X_2172,0.552916937
X_2251,0.552916937
X_2173,0.552916937
X_2395,0.552916937
X_2250,0.552916937
X_2396,0.552916937
X_2324,0.552916937
X_2252,0.552916937
X_2323,0.552916937
X_2322,0.552916937
X_2614,0.552916937
X_2615,0.552916937
X_2616,0.552916937
X_2253,0.552916937
X_2617,0.552916937
X_1989,0.552935033
X_2237,0.556903385
X_2236,0.556903385
X_2378,0.556903385
X_2379,0.556903385
X_2309,0.556903385
X_2380,0.556903385
X_2381,0.556903385
X_2234,0.556903385
X_2235,0.556903385
X_2306,0.556903385
X_2307,0.556903385
X_2598,0.556903385
X_2599,0.556903385
X_2154,0.556903385
X_2155,0.556903385
X_2308,0.556903385
X_2157,0.556903385
X_2156,0.556903385
X_2601,0.556903385
X_2600,0.556903385
X_374,0.558926315
X_373,0.558926315
X_2227,0.562934547
X_2226,0.562934547
X_2228,0.562934547
X_2229,0.562934547
X_2146,0.562934547
X_2147,0.562934547
X_2593,0.562934547
X_2592,0.562934547
X_2372,0.562934547
X_2371,0.562934547
X_2373,0.562934547
X_2591,0.562934547
X_2590,0.562934547
X_2148,0.562934547
X_2149,0.562934547
X_2298,0.562934547
X_2299,0.562934547
X_2300,0.562934547
X_2301,0.562934547
X_2370,0.562934547
X_2031,0.572214426
X_1983,0.572227657
X_2258,0.57461326
X_2259,0.57461326
X_2181,0.57461326
X_2261,0.57461326
X_2331,0.57461326
X_2622,0.57461326
X_2623,0.57461326
X_2624,0.57461326
X_2625,0.57461326
X_2405,0.57461326
X_2404,0.57461326
X_2403,0.57461326
X_2330,0.57461326
X_2178,0.57461326
X_2179,0.57461326
X_2402,0.57461326
X_2332,0.57461326
X_2333,0.57461326
X_2260,0.57461326
X_2180,0.57461326
X_2392,0.585977807
X_2612,0.585977807
X_2613,0.585977807
X_2321,0.585977807
X_2249,0.585977807
X_2320,0.585977807
X_2169,0.585977807
X_2248,0.585977807
X_2393,0.585977807
X_2168,0.585977807
X_2164,0.586149065
X_2163,0.586149065
X_2162,0.586149065
X_2242,0.586149065
X_2243,0.586149065
X_2244,0.586149065
X_2245,0.586149065
X_2165,0.586149065
X_2609,0.586149065
X_2315,0.586149065
X_2388,0.586149065
X_2389,0.586149065
X_2608,0.586149065
X_2317,0.586149065
X_2316,0.586149065
X_2387,0.586149065
X_2314,0.586149065
X_2386,0.586149065
X_2606,0.586149065
X_2607,0.586149065
X_2102,0.590134563
X_2072,0.590134563
X_2065,0.590134563
X_2081,0.596246458
X_2108,0.596246458
X_2088,0.596246458
X_2112,0.596932556
X_2113,0.596932556
X_2556,0.596932556
X_2557,0.596932556
X_2264,0.596932556
X_2193,0.596932556
X_2265,0.596932556
X_2192,0.596932556
X_2337,0.596932556
X_2336,0.596932556
X_2342,0.598918888
X_2563,0.598918888
X_2562,0.598918888
X_2271,0.598918888
X_2343,0.598918888
X_2118,0.598918888
X_2119,0.598918888
X_2270,0.598918888
X_2198,0.598918888
X_2199,0.598918888
X_2033,0.601736524
X_1985,0.602418225
X_2176,0.61457302
X_2256,0.61457302
X_2329,0.61457302
X_2177,0.61457302
X_2621,0.61457302
X_2328,0.61457302
X_2257,0.61457302
X_2620,0.61457302
X_2400,0.61457302
X_2401,0.61457302
X_189,0.662797936
X_1012,0.670463998
X_1010,0.670463998
X_699,0.699679889
X_318,0.707870968
X_1525,0.815354696
X_1524,0.815354696
X_1523,0.815354696
X_1407,0.88942497
Y_Quality,1
