,Y_Quality
X_2779,-0.4979971550265624
X_1833,-0.49417762514254837
X_2466,-0.49417762514254837
X_2841,-0.49328684660254724
X_240,-0.4856590972989444
X_2467,-0.473747645696307
X_1849,-0.473747645696307
X_2780,-0.46655675580659073
X_335 - X_318,-0.46578213327706103
X_335 + X_368,-0.46417967010209554
X_335 + X_367,-0.46412060744590683
X_367 - X_318,-0.45227203846865227
X_368 - X_318,-0.45217684699375094
X_335,-0.4520373566613723
X_367,-0.4501090367400501
X_367 + X_368,-0.45009714890813174
X_368,-0.4499957177865401
X_242,-0.4432487816063225
X_243,-0.4432487816063225
poly_204,-0.42904029026609264
poly_260,-0.42904029026609264
poly_209,-0.4289615477362749
poly_265,-0.4289615477362749
poly_119,-0.4201232878842382
poly_224,-0.39940163446668725
poly_280,-0.39940163446668725
X_2787,-0.39728764708415787
X_335 - X_1407,-0.39396307178647166
X_2791,-0.3743797000625614
X_2790,-0.370747334638162
X_2788,-0.3624752414745917
X_1859,-0.31929824642457233
X_2547,-0.319085061687883
X_2187,-0.319085061687883
X_2061,-0.3105585855159019
X_267,-0.31000748937324785
X_265,-0.30695817681136933
X_266,-0.29540898758101486
X_1865,-0.29342647465219157
X_2789,-0.27514529058489706
X_1818,-0.265648945936074
X_2796,-0.26391825750173326
X_1162,-0.26265350054857567
X_1667,-0.26265350054857567
X_1718,-0.251000275537985
X_2012,-0.24617248858233587
X_2000,-0.24617248858233587
X_1976,-0.24617248858233587
X_287,-0.24478751707875207
X_290,-0.2423908300915117
X_285,-0.2368954863988392
X_2071,-0.23564564736130206
X_2101,-0.23564564736130206
X_2064,-0.23564564736130206
X_1978,-0.23349075618167864
X_2002,-0.23349075618167864
X_2014,-0.23349075618167864
X_1988,-0.23269217098149392
X_2036,-0.23269217098149392
X_2030,-0.22880355753339005
X_1982,-0.22876499130361244
X_2026,-0.22644006517077025
X_1998,-0.22629181465387208
X_1974,-0.22629181465387208
X_2010,-0.22629181465387208
X_1980,-0.2259962835376453
X_2004,-0.2259962835376453
X_2016,-0.2259962835376453
X_2797,-0.22444042103733386
X_1992,-0.22383530418453007
X_2040,-0.22383530418453007
X_2034,-0.22302823458685653
X_1986,-0.22302737782202722
X_1824,-0.2227425719256559
X_1804,-0.2227425719256559
X_2705,-0.22164558644025312
X_2024,-0.22077012673246807
X_2799,-0.21851507173028537
X_1953,-0.21565261614012293
X_1826,-0.20993165512703924
X_1806,-0.20993165512703924
X_1970,-0.20898413293472343
X_2006,-0.20898413293472343
X_1994,-0.20898413293472343
X_2018,-0.20809519126754253
X_2080,-0.20781117912277686
X_2087,-0.20781117912277686
X_2107,-0.20781117912277686
X_1857,-0.2063941983370907
X_2038,-0.205564316637657
X_1965,-0.2045661755405952
X_1668,-0.20255233139856488
X_2058,-0.20129391539866098
X_2793,-0.201270157370413
X_1990,-0.2010239585801031
X_1603,-0.2001638103833192
X_306,-0.1966347788286917
X_977,-0.19625460327845365
X_1794,-0.19436875935532594
X_2728,-0.19301537455727788
X_1800,-0.19102935670139326
X_1416,-0.19049765991744877
X_2415,-0.18906596771783693
X_1817,-0.18891566129705034
X_1717,-0.18887954122324035
X_2727,-0.18887954122324035
X_2414,-0.18887954122324035
X_1604,-0.1851785568701415
X_2094,-0.18403325618890481
X_1770,-0.18369370757230855
X_2704,-0.1835711183922457
X_1805,-0.18221110051232586
X_1825,-0.18221110051232586
X_2039,-0.18129662637414556
X_309,-0.18084190442214723
X_1821,-0.18014657624112823
X_2792,-0.17793839004799844
X_2454,-0.17778316565345478
X_1619,-0.17566985926734632
X_1425,-0.17554596935427766
X_1627,-0.17545712195707225
X_1560,-0.17543129978846564
X_177,-0.1749493473996996
X_1595,-0.17296659921601115
X_352,-0.17219227209413845
X_1605,-0.17215881583123657
X_1991,-0.17178661148103455
X_2041,-0.17171445491497592
X_1810,-0.16953661506875115
X_1830,-0.16953661506875115
X_976,-0.16914153236439816
X_1768,-0.16901331677819223
X_1984,-0.1676826179219208
X_2032,-0.1676520075738865
X_1819,-0.16704684031855174
X_1996,-0.1670229561116878
X_1972,-0.1670229561116878
X_2008,-0.1670229561116878
X_2748,-0.16687606124149063
X_1417,-0.1652529359690418
X_1597,-0.16439820788821988
X_1593,-0.16426366378680288
X_1412,-0.16396684168755282
X_1666,-0.16349566202546015
X_295,-0.16317304765708365
X_974,-0.16140298840244785
X_1979,-0.16095703151277302
X_2015,-0.16095703151277302
X_2003,-0.16095703151277302
X_1413,-0.16058351976319662
X_949,-0.16015342501306937
X_1596,-0.15992381612580567
X_1598,-0.15838422008202643
X_2441,-0.15823767406086767
X_1411,-0.15641784661864302
X_1591,-0.15639858155229622
X_1599,-0.15629290431505988
X_270,-0.15574697279092733
X_268,-0.15574697279092733
X_1594,-0.15541779616621432
X_1606,-0.15522406081143456
X_129,-0.1539352662550828
X_1461,-0.15330183771692982
X_1028,-0.15330183771692982
X_1601,-0.15295818227361088
X_350,-0.15289931299922196
X_1410,-0.15281722644353518
X_1415,-0.15191639900181994
X_356,-0.1507575479657181
X_1414,-0.15032566019768484
X_1628,-0.15028022230887605
X_1600,-0.15027945990114694
X_1708,-0.14989860937106617
X_1602,-0.1485052610029854
X_1592,-0.1479127885469745
X_2453,-0.1477397529366266
X_1424,-0.1474567039637723
X_308,-0.14715556103633967
X_2729,-0.1470009237183837
X_157,-0.1423822551866023
X_1402,-0.14222210689325102
X_1045,-0.14222210689325102
X_128,-0.14185332944985754
X_1834,-0.14166348383298782
X_333,-0.1409180704318318
X_1738,-0.13885780453737478
X_1736,-0.138857804449938
X_1710,-0.13637890205069986
X_2449,-0.13553393670262942
X_1062,-0.1348320265733835
X_1462,-0.1348320265733835
X_1686,-0.13452319624459094
X_1541,-0.13421349810075928
X_1539,-0.13407061267628573
X_1538,-0.1339261997131283
X_1351,-0.13375291113183957
X_973,-0.132870499274069
X_1607,-0.13070139429443559
X_1418,-0.13069860805483047
X_1608,-0.13069579317852617
X_1218,-0.13064904601887165
X_1520,-0.13064904601887165
X_2438,-0.13031576773651413
X_1716,-0.12928260610386313
X_358,-0.129218836755871
X_957,-0.12909475693242217
X_1163,-0.12909475693242217
X_1813,-0.12757849396194312
X_1629,-0.12656153025609124
X_1473,-0.12606780775022122
X_1077,-0.12606780775022122
X_1104,-0.12606723607561923
X_1474,-0.12606723607561923
X_1131,-0.12606697200641098
X_1475,-0.12606697200641098
X_1697,-0.12488639265595537
X_948,-0.1235990664232408
X_175,-0.12303737997112675
X_1620,-0.12281599585973924
X_348,-0.12222629044008651
X_341,-0.12194955977512045
X_1183,-0.12112706542585897
X_1288,-0.1204665783754023
X_2754,-0.12039429557354439
X_161,-0.11994233559783875
X_2043,-0.11975047737358586
X_1798,-0.11859318476813724
X_1617,-0.11823145587097289
X_1287,-0.11821841143213263
X_1564,-0.11765240180749569
X_1264,-0.11528910449490123
X_179,-0.11527931063962078
X_1350,-0.11484408711557839
X_2042,-0.11385848518371357
X_1561,-0.11320203599213893
X_156,-0.11239951656162699
X_1518,-0.11087547654138732
X_1340,-0.10962596702866494
X_1530,-0.10925270321835752
X_1187,-0.10857594196239562
X_1946,-0.10848616583577289
X_1534,-0.10816096329705477
X_1747,-0.1075428649046912
X_2059,-0.10748509120900587
X_1192,-0.10738466424143346
X_1519,-0.10676568173133205
X_1284,-0.10593684434462869
X_2755,-0.1059360111520358
X_2020,-0.1053563482031316
X_1665,-0.1049091292175776
X_1696,-0.10479953885830302
X_1690,-0.10478153621968467
X_1630,-0.10470631754699347
X_2756,-0.10430313289288812
X_1482,-0.10411480808789024
X_1082,-0.10411480808789024
X_1517,-0.10395817442140808
X_2434,-0.10393484791661264
X_2555,-0.10350475236359835
X_2191,-0.10350475236359835
X_1854,-0.10299967658595742
X_1653,-0.1027637349254564
X_1654,-0.1027610345860565
X_1430,-0.10276100502831627
X_1521,-0.10246782749742263
X_1161,-0.10233926630601585
X_1664,-0.10233926630601585
X_954,-0.10155339301994798
X_1261,-0.10148970468729207
X_1549,-0.1013830729896435
X_1631,-0.10118273101395818
X_1273,-0.10102996366162419
X_1109,-0.10097513243055617
X_1483,-0.10097513243055617
X_1547,-0.10083305250761287
X_1548,-0.10075597487002855
X_2784,-0.10071342881954942
X_1359,-0.10059011564078542
X_1212,-0.10040107638769134
X_1208,-0.10026232441703502
X_1093,-0.10025327887542763
X_1514,-0.10025327887542763
X_1850,-0.10007802346790688
X_1516,-0.09992132223966542
X_1147,-0.09992132223966542
X_1387,-0.09935477859841732
X_1120,-0.09935125105360389
X_1515,-0.09935125105360389
X_1085,-0.09877956795254539
X_1488,-0.09877956795254539
X_1433,-0.09869674577645912
X_1026,-0.09869674577645912
X_2066,-0.09868884420159882
X_2073,-0.09868884420159882
X_2103,-0.09868884420159882
X_1139,-0.0986771509157577
X_1490,-0.0986771509157577
X_2443,-0.0986766244919641
X_1321,-0.09843234890664011
X_1123,-0.09843234890664011
X_2846,-0.09843234890664011
X_1096,-0.09823626430177275
X_2845,-0.09823626430177275
X_2847,-0.09818455662868758
X_1150,-0.09818455662868758
X_1339,-0.09806388757375142
X_1136,-0.09799691026401268
X_1484,-0.09799691026401268
X_1489,-0.09797609264089474
X_1112,-0.09797609264089474
X_1247,-0.09789702843748013
X_1455,-0.09781636243521256
X_1186,-0.09781636243521256
X_1036,-0.09781636243521256
X_354,-0.0977978279307228
X_1663,-0.09768452030521713
X_1217,-0.09659071295777935
X_1405,-0.09653332442579052
X_1118,-0.09653332442579052
X_1173,-0.09646108685388526
X_1158,-0.09646108685388526
X_1501,-0.09636847875269682
X_1145,-0.09636847875269682
X_1091,-0.09628754930053221
X_1500,-0.09628754930053221
X_2096,-0.09606748422732209
X_1456,-0.09596099378698428
X_1053,-0.09596099378698428
X_1197,-0.09580501103820223
X_1486,-0.09578527256262628
X_1110,-0.09578527256262628
X_176,-0.09522790006241214
X_1458,-0.09512706951450159
X_1037,-0.09512706951450159
X_1178,-0.09507007162419184
X_160,-0.09504992724876729
X_2009,-0.09500040189458749
X_1997,-0.09500040189458749
X_1973,-0.09500040189458749
X_1213,-0.09494589837066444
X_1652,-0.09480598035407548
X_1434,-0.09413017358861124
X_1043,-0.09413017358861124
X_1054,-0.09397868863250186
X_1459,-0.09397868863250186
X_1193,-0.09329998249248368
X_353,-0.09326239537227927
X_1651,-0.09294580184784337
X_1429,-0.09284589195938399
X_1428,-0.09184069519350228
X_1060,-0.09150884341008854
X_1435,-0.09150884341008854
X_1294,-0.09085118562909561
X_1647,-0.09081357723305683
X_1559,-0.09081103160458412
X_1423,-0.09074821282922162
X_380,-0.09063474996216773
X_1066,-0.08949808957542525
X_962,-0.08949808957542525
X_1175,-0.08928432245712432
X_972,-0.08886087516200532
X_1470,-0.08853863378779656
X_1075,-0.08853863378779656
X_2751,-0.0878996448658793
X_2763,-0.08757807248357395
X_1073,-0.0868270951102233
X_965,-0.0868270951102233
X_1033,-0.08656994057423903
X_1447,-0.08656994057423903
X_1050,-0.08656949849538433
X_1401,-0.08656949849538433
X_1448,-0.08656779390653471
X_1067,-0.08656779390653471
X_1056,-0.08644903414079716
X_964,-0.08644903414079716
X_1471,-0.08632443949201218
X_1040,-0.08632443949201218
X_1404,-0.08632430349649757
X_1057,-0.08632430349649757
X_1074,-0.08632266423411766
X_1472,-0.08632266423411766
X_1460,-0.08627991973157403
X_1071,-0.08627991973157403
X_2869,-0.08621244461323957
X_1961,-0.08621244461323957
X_1169,-0.08610079755088944
X_963,-0.08554675535079181
X_1039,-0.08554675535079181
X_1588,-0.08531577904873619
X_1610,-0.08511295257711754
X_1609,-0.0849835959776922
X_1643,-0.08482708610828445
X_1641,-0.08482591622950815
X_1642,-0.08482509199705744
X_1625,-0.08481541017206341
X_1624,-0.08481520821709553
X_1626,-0.08481491605833659
X_1290,-0.08480591278763935
X_1822,-0.08477489494970741
X_1587,-0.08474799591758053
X_1586,-0.08474131629348441
X_1419,-0.08468228420392034
X_978,-0.08449967517746979
X_1258,-0.0841628670691646
X_1355,-0.08367434965817871
X_1563,-0.08348509754238895
X_1562,-0.08325651058953629
X_349,-0.0832094877168054
X_263,-0.08307910346409847
X_1242,-0.08302595294987292
X_1308,-0.08302595294987292
X_960,-0.08299280914482904
X_1032,-0.08299280914482904
X_1015,-0.08285465663497435
X_361,-0.08214730867099349
X_339,-0.08210109414933463
X_1260,-0.08206880280017136
X_2057,-0.08188502776735725
X_1958,-0.08130288300232881
X_2866,-0.08130288300232881
X_1820,-0.08127489297485299
X_1705,-0.08101575742306841
X_961,-0.08018135060383122
X_1049,-0.08018135060383122
X_357,-0.07965381712282257
X_1344,-0.07959879664680497
X_1358,-0.0795682199293133
X_1660,-0.07928070887070988
X_1661,-0.07918375265538831
X_1160,-0.07918375265538831
X_1662,-0.07912508055101562
X_2089,-0.07867126311133071
X_2082,-0.07867126311133071
X_2109,-0.07867126311133071
X_1613,-0.07857933642649065
X_1421,-0.0784748403237486
X_1485,-0.07809644726640971
X_1083,-0.07809644726640971
X_1198,-0.07809644726640971
X_364,-0.07714764730729864
X_1635,-0.07697999215529523
X_1658,-0.07679685809142478
X_1659,-0.07678962883557033
X_1657,-0.07643527676429718
X_365,-0.07624442123055476
X_1366,-0.07579249132705267
X_1373,-0.07504367402975337
X_1614,-0.07489066484758954
X_1636,-0.07477749333810658
X_2709,-0.07386899002594362
X_1221,-0.0738217755315258
X_1529,-0.0738217755315258
X_153,-0.07367366709794042
X_1268,-0.07366793879135947
X_366,-0.07359504375336456
X_1947,-0.07294691115605152
X_1776,-0.07257997334246385
X_332,-0.07216159694255657
X_1637,-0.07206889250570457
X_1365,-0.07167303193202278
X_2710,-0.07146532193044393
X_1285,-0.07026134380837792
X_1623,-0.06994425337504513
X_1256,-0.06991751627612905
X_979,-0.069616848984787
X_1728,-0.06922142095232311
X_1727,-0.0692214209523231
X_2737,-0.0692214209523231
X_2424,-0.0692214209523231
X_143,-0.0692214209523231
X_1143,-0.06883875366829965
X_1499,-0.06883875366829965
X_1116,-0.0688343367922948
X_1498,-0.0688343367922948
X_1497,-0.06882832753272153
X_1089,-0.06882832753272153
X_1019,-0.06851789807040243
X_1164,-0.06851789807040243
X_337,-0.06806652051390215
X_1671,-0.06620310800404051
X_2798,-0.06587745007624507
X_1672,-0.06585200528752262
X_1282,-0.06515465146376628
X_1622,-0.06452435133198156
X_1618,-0.06441630563177077
X_1349,-0.06413186657558151
X_2458,-0.06409217005175102
X_164,-0.06378042795883046
X_1640,-0.06296885040123089
X_1301,-0.06121372534255044
X_331,-0.06104152005496665
X_1345,-0.0603097317166799
X_2416,-0.060048071212739626
X_1406,-0.05991999799028786
X_1469,-0.05845390307144453
X_1058,-0.05845390307144453
X_184,-0.05766321970124775
X_338,-0.05742039753320473
X_321,-0.057258529328095845
X_320,-0.05725852932809584
X_1621,-0.056728914579947186
X_2069,-0.05635647704106785
X_2077,-0.05635647704106785
X_2554,-0.05631862400599475
X_171,-0.0561472681700274
X_1341,-0.0556421684974093
X_2766,-0.055269644547643985
X_2703,-0.05484937447812214
X_2435,-0.05448486612479023
X_2773,-0.05308645797298609
X_2774,-0.053086457972986084
X_141,-0.05264641046552279
X_344,-0.05225892445984895
X_137,-0.052159216406407936
X_136,-0.05202517151078446
X_138,-0.051880616077077814
X_2711,-0.05170328445145421
X_2050,-0.05109541398242744
X_1174,-0.05054700170244472
X_1383,-0.050526187144023176
X_2781,-0.04999611825366852
X_1496,-0.048860460530223956
X_1142,-0.048860460530223956
X_1115,-0.048852585035514984
X_1495,-0.048852585035514984
X_1088,-0.04884531978705125
X_1494,-0.04884531978705125
X_1427,-0.04842056074138081
X_1639,-0.04821533414325844
X_1391,-0.04795115734436207
X_1302,-0.04729720560054883
X_1235,-0.046829037685223424
X_966,-0.04608945780558743
X_304,-0.04547036512510608
X_1064,-0.04537635629550685
X_1443,-0.04537635629550685
X_1167,-0.044365042502622805
X_2758,-0.04379514927095214
X_2459,-0.043683415763172445
X_2767,-0.04260720998788946
X_1546,-0.04150640843081548
X_1545,-0.04141205442461441
X_1544,-0.04131751342706977
X_1638,-0.04086240665183218
X_2028,-0.04050927584975229
X_1304,-0.04019144444763099
X_1238,-0.04019144444763099
X_1237,-0.03964582990273387
X_1303,-0.03964582990273387
X_1210,-0.03947974274291845
X_261,-0.03946474628117652
X_262,-0.03790012558249904
X_1279,-0.0374451206159793
X_1313,-0.0374451206159793
X_1231,-0.03735998914178968
X_1959,-0.03696420870537584
X_2867,-0.03696420870537584
X_183,-0.03677054658467122
X_1267,-0.03638534689666903
X_993,-0.036199481564240674
X_994,-0.036196185013488855
X_995,-0.036152617704981765
X_1346,-0.035987846930601655
X_286,-0.03590977322068504
X_2092,-0.035793132264050044
X_2085,-0.035793132264050044
X_1715,-0.03560949368730383
X_2411,-0.03560949368730383
X_2724,-0.03560949368730383
X_1076,-0.03549330292898727
X_1467,-0.03549330292898727
X_2771,-0.034718624841124576
X_2762,-0.0343264627410999
X_152,-0.03304218480033582
X_2450,-0.032271853310035445
X_269,-0.0311563554364814
X_1246,-0.030627503677018397
X_2448,-0.030620217534437316
X_367 x X_368,-0.030547648617467744
poly_34,-0.030547648617467744
X_1843,-0.030495949075436013
X_1398,-0.030428270011067206
X_173,-0.02981343958941837
X_1960,-0.02946213930436944
X_2868,-0.02946213930436944
X_2426,-0.029029570371585846
X_1191,-0.02895199042148191
X_1171,-0.028930945977684214
X_2776,-0.028543477151432198
X_2551,-0.02837270887332096
X_2427,-0.027139097785935627
X_1016,-0.026956926048649726
X_1855,-0.026929044533681605
X_1646,-0.026898887983016154
X_1590,-0.026828201195047197
X_1409,-0.026824123517888872
X_1589,-0.026820197695031807
X_1748,-0.0262625686926433
X_2761,-0.02614741828175095
X_2423,-0.02609896728151361
X_276,-0.025822913473623952
X_2785,-0.02573849378827126
X_2442,-0.025177746718684047
X_172,-0.02501826801982896
X_1743,-0.024574369699340657
X_1369,-0.024571717834795403
X_1205,-0.02457064147393794
X_2463,-0.02411040326500543
X_2548,-0.023755693437063786
X_2545,-0.023755693437063772
X_2185,-0.023755693437063755
X_2544,-0.023755693437063755
X_1271,-0.023529641441676442
X_1792,-0.02264320326554566
X_1272,-0.022152090756376672
X_1734,-0.022060174014076464
X_151,-0.02194360976067698
X_1408,-0.02179042882267956
X_1269,-0.02168913048567652
X_2717,-0.02144239613116829
X_2800,-0.021182601247124233
X_181,-0.02057968840650182
X_1172,-0.020048872302359893
X_967,-0.020048872302359893
X_1740,-0.019700959687863537
X_1182,-0.019455579429940306
X_1742,-0.01935346819154647
X_990,-0.019197279909347022
X_1669,-0.019040373602273567
X_237,-0.019012498283697325
X_2433,-0.018831429793748435
X_1379,-0.018550221728145605
X_1014,-0.01836204653673522
X_1775,-0.016951663250018793
X_2770,-0.01670553488385026
X_1726,-0.016355681230449347
X_956,-0.015099471715218842
X_1170,-0.01493608374434731
X_185,-0.014268093189876038
X_1670,-0.013942859178022448
X_1732,-0.013900384308478638
X_277,-0.013732747212470527
X_275,-0.013732747212470527
X_1730,-0.013492570759428316
X_968,-0.013032985358410057
X_947,-0.01271400735275772
X_1390,-0.012692024988907789
X_2075,-0.012423579337040906
X_2068,-0.012423579337040906
X_2105,-0.012423579337040906
X_1694,-0.012339754483212074
X_1957,-0.012215769369546617
X_144,-0.011986443205971618
X_2461,-0.011086371566937035
X_2460,-0.011086371566937031
X_1211,-0.01088272765722435
X_1791,-0.010538018155070467
X_1769,-0.010361433855301333
X_1832,-0.010272812758280224
X_1047,-0.009953203636935585
X_1442,-0.009953203636935585
X_2743,-0.00971359120865128
X_1105,-0.009005122984857497
X_1132,-0.009005122984857497
X_1078,-0.009005122984857497
X_1270,-0.008532951329372885
X_284,-0.008500421751963642
X_2098,-0.008367340216190185
X_2022,-0.008232328624659977
X_167,-0.00806621463191731
X_2432,-0.007119220329592301
X_1384,-0.0067298809862476735
X_2111,-0.006683450767139329
X_2084,-0.006683450767139329
X_2091,-0.006683450767139329
X_272,-0.00667854177622045
X_2747,-0.006544580161740467
X_2744,-0.00642310413312855
X_1397,-0.006385887983015687
X_1266,-0.0062582368706776996
X_150,-0.005755825155121325
X_2745,-0.005754484275008742
X_1634,-0.005494469936672709
X_139,-0.005481280321671343
X_2716,-0.005267226894732772
X_1755,-0.004623433699022252
X_2445,-0.003979030325484175
X_2431,-0.003912692755705562
X_2422,-0.0035182451335275355
X_346,-0.003204961057345718
X_1232,-0.0020685516234934583
X_311,-0.0017626130536706947
X_1306,-0.001598105223284596
X_1240,-0.001598105223284596
X_998,-0.0010732355795730485
X_997,-0.0010587121153684796
X_996,-0.0010453112486879092
X_2734,-0.0005084567099908101
X_1862,-7.281604565891318e-06
X_2735,0.00034910405107815276
X_975,0.0005264059475681793
X_148,0.0006194617569355675
X_1291,0.0010275827433870693
X_1767,0.0011478593797999757
X_2421,0.0012339952831836776
X_140,0.001725944290210474
X_1725,0.0018135056249440754
X_1566,0.0019876622850061713
X_1565,0.0021611961435437374
X_1567,0.0022200076651885748
X_2736,0.0022463039012777597
X_1245,0.0027021018376115653
X_2027,0.0027685268185901014
X_2715,0.0029637990237025647
X_2430,0.004183600398608595
X_1633,0.004748109543045868
X_180,0.005223600171336854
X_1347,0.006874299376021672
X_1950,0.006887659786555815
X_2078,0.007001567212357566
X_1632,0.007151955494068036
X_1706,0.0076259173343957674
X_1863,0.007984744543810556
X_2843,0.008068377954924613
X_1930,0.0081496496729107
X_367 x X_318,0.008761318687522253
poly_35,0.008761318687522253
X_362,0.00900266666662091
X_368 x X_318,0.00905931768454268
poly_40,0.00905931768454268
X_168,0.009413176877632951
X_1257,0.00967128160381673
X_953,0.010222081030142844
X_246,0.010237776057427561
X_1168,0.01062457049832248
X_1737,0.011143416718007997
X_2429,0.011153543671927378
X_2742,0.011153543671927378
X_1773,0.011337217549666021
X_2446,0.013084841233257372
X_1337,0.013427994822454084
X_1924,0.013688841288860403
X_1926,0.013688876710987551
X_1002,0.014059003208548198
X_1277,0.014179807632648709
X_1555,0.015771552847273194
X_280,0.01612401194779786
X_1745,0.01752897489824763
X_233,0.01764476186902853
X_1814,0.018835016565942785
X_2546,0.01902704333365072
X_2186,0.01902704333365072
X_2857,0.01943477669384852
X_1100,0.01943477669384852
X_1735,0.019448164846054963
X_2741,0.019458297689938158
X_2428,0.019458297689938158
X_1375,0.019811792020600818
X_2452,0.020384151615490433
X_2048,0.020475910669611394
X_2049,0.020491292199976245
X_1276,0.020580979952616436
X_999,0.021501100786131957
X_1001,0.02152267024186357
X_1000,0.021532265143403315
X_1204,0.02340308149026401
X_1528,0.024226114457937646
X_1527,0.024247526130578304
X_1526,0.02426968389652618
X_301,0.02455402153331302
X_2749,0.02509581138134432
X_1292,0.02541527877696034
X_938,0.026620551102195765
X_1241,0.026706130880789682
X_1307,0.026706130880789682
X_1336,0.026729700167825953
X_1342,0.02741031388555359
X_1812,0.027622179406509503
X_303,0.028080576915213408
X_2840,0.028495908402643128
X_2794,0.028748112110238207
X_1368,0.02877625058411763
X_1215,0.028786658795839314
X_1030,0.029993122160518738
X_1441,0.029993122160518738
X_2718,0.03026381257436542
X_1918,0.03041023940730368
X_1916,0.03041407649682346
X_2764,0.030521330784307882
X_939,0.03071656798919834
X_305,0.03109533708644397
X_1214,0.03149231446179844
X_1860,0.031798030732575845
X_2457,0.032246739295969634
X_2839,0.032542931646155945
X_1374,0.03404917405035624
X_1558,0.03459157567407424
X_1229,0.03472946329804417
X_1325,0.03475043377368583
X_1127,0.03475043377368583
X_2858,0.03475043377368583
X_283,0.0351431931989117
X_1382,0.03528207200455066
X_1372,0.035522151982487815
X_940,0.035609095691172904
X_1274,0.036103435136944965
X_149,0.03630639854426071
X_1011,0.03640522010562203
X_1009,0.03640522010562203
X_155,0.03643156800208588
X_1386,0.0366942933798154
X_946,0.03745741552981452
X_2455,0.03772112143002825
X_1535,0.03800266873158891
X_1233,0.03812573642129441
X_1199,0.0381956007736022
X_1305,0.038574215537686356
X_1239,0.038574215537686356
X_945,0.039688562986239566
X_944,0.040017952514325765
X_1739,0.04071914877938649
X_250,0.041205412999173935
X_1816,0.04122138355667896
X_2837,0.04128261743833089
X_1017,0.04128790141071062
X_1201,0.041356979577997305
X_1682,0.041497298416004934
X_1230,0.04237762903938726
X_133,0.042670482525982226
X_1746,0.04277991220079879
X_1853,0.04280578037771834
X_2759,0.0434417985179436
X_1234,0.0441358504046468
X_1299,0.0441358504046468
X_1922,0.04493562264290924
X_1557,0.045708772344149384
X_1774,0.04586258223143333
X_1283,0.04589288625453302
X_2553,0.0463108999757825
X_2190,0.0463108999757825
X_360,0.046539229089018155
X_1956,0.04684595114065944
X_1223,0.04707719998319111
X_298,0.04749584154491018
X_1296,0.04775325010101109
X_1356,0.04780053785312612
X_1207,0.047972756399389006
X_1556,0.048288846153880696
X_2859,0.04849721575729033
X_1154,0.04849721575729033
X_1378,0.04912704112395918
X_2746,0.049928429703318025
X_1177,0.05033908466282088
X_1388,0.0504414102534647
X_2447,0.050679498020465064
X_1968,0.05081585812128702
X_1713,0.051358474713089235
X_253,0.05221435601465852
X_288,0.052306110711488205
X_1797,0.053101940243494065
X_296,0.053464000416699076
X_236,0.05398063738411619
X_251,0.05436192386159919
X_1181,0.05455969489608556
X_299,0.05491079604749411
X_2765,0.05547196631751339
X_2456,0.05633877598117552
X_1673,0.05634720126262258
X_2465,0.05679052404702476
X_1225,0.057188463468412006
X_271,0.05724311036656352
X_273,0.05724311036656352
X_254,0.057258529328095845
X_2051,0.05760538032858112
X_1063,0.05865891270856788
X_1440,0.05865891270856788
X_1200,0.058961248147647714
X_1540,0.06095408891666597
X_293,0.061083803331732724
X_1315,0.06138567356569926
X_1280,0.06138567356569926
X_1065,0.06150876445909103
X_1446,0.06150876445909103
X_1031,0.061687744338985676
X_1444,0.061687744338985676
X_2719,0.06298350165584168
X_1046,0.06352664311245189
X_1400,0.06352664311245189
X_238,0.06383953751025
X_1176,0.06388366207986966
X_2769,0.06391303385803686
X_1263,0.0642484489523339
X_1286,0.06534818212547852
X_1048,0.06535351430683793
X_1445,0.06535351430683793
X_297,0.06547245059836487
X_2782,0.06556510352632242
X_1220,0.06613577691879956
X_1761,0.06663436711820431
X_2753,0.06673476131602157
X_345,0.06679744737476104
X_1371,0.06687378476196544
X_2739,0.06713719940130038
X_1259,0.0671958797893432
X_1278,0.06729776655352564
X_2750,0.06736840134895342
X_2464,0.0680290922678561
X_1963,0.06803503662063579
X_1184,0.06836771458436257
X_370,0.06907133611102449
X_2409,0.06976997373749491
X_1439,0.07036609448556064
X_1029,0.07036609448556064
X_294,0.07082006142355131
X_1209,0.07114311047427756
X_1385,0.07135262441965472
X_1380,0.07162039466057801
X_2862,0.07341727216938103
X_1155,0.07341727216938103
X_1951,0.07385850762721102
X_2851,0.07436090218273182
X_1098,0.07436090218273182
X_1196,0.07463253493755515
X_1377,0.07486220618366933
X_300,0.07487355106427805
X_302,0.0752123836684485
X_2543,0.07555654369682546
X_2184,0.07555654369682546
X_2436,0.0757855722381059
X_2772,0.07587658700044822
X_146,0.0768397571738691
X_247,0.0771466735502988
X_1942,0.0780459894912623
X_1940,0.07820721131859475
X_1254,0.07849335252234783
X_1059,0.07850781081205566
X_1466,0.07850781081205566
X_1866,0.07867665433828733
X_1679,0.07886093187122153
X_169,0.07891852034169126
X_1381,0.07903400368637092
X_2437,0.07913270702403284
X_1125,0.07955788994085712
X_1323,0.07955788994085712
X_2852,0.07955788994085712
X_1464,0.07980706329741453
X_1072,0.07980706329741453
X_2044,0.07992695843568619
X_1226,0.08006862674766982
X_1554,0.08012706145394081
X_2720,0.0801382262495956
X_1928,0.08075711818706921
X_2853,0.08098366237628182
X_1152,0.08098366237628182
X_1744,0.08128188112759854
X_1525,0.081805245494888
X_1524,0.081805245494888
X_1523,0.081805245494888
X_1861,0.08193161100334642
X_2768,0.08213640439827095
X_1338,0.08220805169137388
X_1655,0.082300337750828
X_163,0.0825441686655301
X_1166,0.08257483739005007
X_959,0.08257483739005007
X_1656,0.0825904498831032
X_983,0.0829215905156117
X_1018,0.08292280053283878
X_1159,0.08292280053283878
X_982,0.08298581666650591
X_2752,0.0834890016592389
X_1262,0.08350085237278405
X_1678,0.08376847410514299
X_2046,0.0840414539761691
X_981,0.08408628968783603
X_1343,0.0841877905230658
X_1244,0.08426364963238525
X_1360,0.08480652949797518
X_1348,0.08484568889232323
X_1648,0.08516282626830184
X_1463,0.08567591126211904
X_1038,0.08567591126211904
X_1295,0.08584895216172576
X_1649,0.0859304624994079
X_1013,0.0861525794618653
X_1297,0.0862123379562702
X_1275,0.08642725996736457
X_943,0.08669248923686804
X_941,0.08678739058286251
X_942,0.08679218782577643
X_1236,0.0869003056838031
X_1422,0.08712296553940811
X_2045,0.08791019863262776
X_2047,0.08810506268260057
X_1615,0.08818499454101816
X_1403,0.08842312932363953
X_1055,0.08842312932363953
X_2491,0.0885123405179967
X_2490,0.0885123405179967
X_2813,0.0885123405179967
X_198,0.0885123405179967
X_1616,0.08859025518415238
poly_315,0.0886663171245778
X_2099,0.08903153925054846
X_1449,0.08931566990329637
X_1034,0.08931566990329637
X_1650,0.08950043272481999
X_1195,0.08955302951091983
X_1051,0.08974931691355072
X_1450,0.08974931691355072
X_1585,0.08979640595742454
X_1135,0.08999745950710662
X_1906,0.09013128307876131
X_1454,0.0903081043597843
X_1069,0.0903081043597843
X_958,0.09036267420113568
X_1165,0.09036267420113568
X_2726,0.0904295940999671
X_1583,0.09072245788489719
X_1451,0.09074267503941619
X_1068,0.09074267503941619
X_1584,0.09080054862857027
X_1354,0.09083551101071904
X_1436,0.09086732185237789
X_1027,0.09086732185237789
X_1352,0.09101270955442013
X_1453,0.09159525218575054
X_1052,0.09159525218575054
X_1543,0.0916698416174393
X_1140,0.09192058519986389
X_1452,0.09249063982558926
X_1035,0.09249063982558926
X_1108,0.09276942108938285
X_1333,0.09276942108938285
X_1330,0.09276942108938285
X_1044,0.09304322480675076
X_1437,0.09304322480675076
X_2863,0.09309320035357346
X_1102,0.09309320035357346
X_1508,0.09323560687253339
X_1095,0.09323560687253339
X_1886,0.0933566364148582
X_1081,0.09386255392704769
X_1569,0.09414322174850395
X_1568,0.09425103327228199
X_1570,0.09428014377961687
X_1327,0.09452509640051684
X_1129,0.09452509640051684
X_2864,0.09452509640051684
X_1884,0.09456701076822349
X_1332,0.09468795710931566
X_1113,0.09468795710931566
X_1335,0.09468795710931566
X_2865,0.0952142064122298
X_1156,0.0952142064122298
X_281,0.09537299649305929
X_279,0.09537299649305929
X_1353,0.09581691980354798
X_1094,0.09587979598710203
X_1505,0.09587979598710203
X_1122,0.09599050526248695
X_1509,0.09599050526248695
X_1465,0.09605172135921228
X_1042,0.09605172135921228
X_291,0.09635112776566239
X_1506,0.09636616319798548
X_1121,0.09636616319798548
X_1148,0.09652701920452311
X_1507,0.09652701920452311
X_1149,0.09663712479976289
X_1510,0.09663712479976289
X_1536,0.09663858197252043
X_2439,0.09684092708595836
X_1180,0.09765541065415118
X_991,0.09770814831047854
X_1086,0.09776309754608636
X_1493,0.09778853126395395
X_1141,0.09778853126395395
X_1904,0.0978613050697228
X_1552,0.09822130029244255
X_1551,0.09838437115786271
X_1479,0.09850250174591269
X_1080,0.09850250174591269
X_2440,0.0985135463764137
X_1329,0.09857647211401746
X_1138,0.09866540761411877
X_1550,0.09867858858457296
X_1133,0.09876118649816967
X_1478,0.09876118649816967
X_1477,0.09880353866891128
X_1106,0.09880353866891128
X_1476,0.09880798712101896
X_1079,0.09880798712101896
X_1480,0.09892365382105334
X_1107,0.09892365382105334
X_1334,0.09892484907099804
X_1331,0.09892484907099804
X_1111,0.09892484907099804
X_1084,0.09905874029867835
X_2542,0.09909154266115049
X_1932,0.09928504668704737
X_1934,0.09938637064766813
X_1481,0.09963491601456125
X_1134,0.09963491601456125
X_1512,0.09971591319511712
X_1117,0.09971591319511712
X_1492,0.0997558846109881
X_1114,0.0997558846109881
X_955,0.10004933140871129
X_2408,0.10005012798424996
X_1087,0.10009555451832261
X_1491,0.10009555451832261
X_1061,0.10037503971710433
X_1438,0.10037503971710433
X_2541,0.1004513104177151
X_1513,0.1004742057943839
X_1144,0.1004742057943839
X_2451,0.10052498606772195
X_1864,0.10091134388042093
X_2413,0.10094919964318909
X_1779,0.10149297638531454
X_2860,0.10198887472944604
X_1101,0.10198887472944604
X_1090,0.10243823572335732
X_1511,0.10243823572335732
X_2552,0.1026012892526985
X_1407,0.10325917675675758
X_1674,0.10348114484131295
X_984,0.10395240784116902
X_2076,0.10475750505379183
X_1370,0.10506354475545121
X_1203,0.10511168805087846
X_1785,0.10608251680379868
X_1281,0.10611306274725371
X_980,0.10625628233681805
X_1532,0.10629908921998127
X_1202,0.10632193960773363
X_134,0.10641474075264755
X_2412,0.10856418329757656
X_1895,0.10857226384155452
X_985,0.10859030237839623
X_1194,0.11093195760233925
X_1190,0.1120682998945389
X_2777,0.11229954597425305
X_2786,0.11305132846377745
X_2778,0.1133249132454885
X_1542,0.11346319410596498
X_2725,0.11374148900601498
X_159,0.1146293696161135
X_1228,0.11470260487389573
X_1874,0.11496756448112987
X_379,0.11556902808528743
X_2795,0.11593225498439685
X_1912,0.1160668181304201
X_1289,0.11677419945572422
X_1265,0.11833239860955125
X_1300,0.1184826294211155
X_289,0.11949439598430989
X_986,0.1197460255931939
X_1128,0.11978205102686756
X_1326,0.11978205102686756
X_2861,0.11978205102686756
X_1227,0.12022232475154351
X_1468,0.12041451181162054
X_1041,0.12041451181162054
X_1553,0.12078091276032654
X_2517,0.12189193862362561
X_2516,0.12189193862362561
X_2825,0.12189193862362561
X_212,0.12189193862362561
X_2062,0.12211397631919184
X_1185,0.12234486901405742
X_1097,0.12320713761099727
X_2848,0.12320713761099727
X_2757,0.12366860988572685
X_2410,0.12435352910115602
X_2850,0.12455335191734605
X_1151,0.12455335191734605
X_1799,0.12606533115994192
X_165,0.1264390685378673
X_2482,0.12695167410843028
X_2483,0.12695167410843028
X_230,0.12695167410843028
X_2809,0.12695167410843028
X_2471,0.12776392432638367
X_2472,0.12776392432638367
X_2473,0.12776392432638367
X_2470,0.12776392432638367
X_225,0.12776392432638367
X_2803,0.12776392432638367
X_2804,0.12776392432638367
X_217,0.12776392432638367
X_1921,0.1279138820414763
X_1896,0.13005291122416132
X_1936,0.13012578414009743
X_2783,0.13199229568604148
X_1188,0.13280756293520207
X_1877,0.13355303250287157
X_1875,0.13378595341321814
X_1920,0.13515293309769638
X_1376,0.13517302073493642
X_1611,0.13529367141169993
X_1966,0.13610636901498976
X_1914,0.13767585099316884
X_1533,0.13803708299551795
X_1880,0.13815251845137957
X_1898,0.1383107655500688
X_2854,0.13915788082504518
X_1099,0.13915788082504518
X_1420,0.13987117620969672
X_1243,0.13989979068740177
X_1310,0.13989979068740177
X_215,0.14018654120027485
X_2523,0.14018654120027485
X_2828,0.14018654120027485
X_2522,0.14018654120027485
X_1189,0.1402327112682594
X_292,0.14115459798331828
X_227,0.14179006263999377
X_2477,0.14179006263999377
X_2806,0.14179006263999377
X_2476,0.14179006263999377
X_1757,0.1439773386762086
X_1124,0.14404791548139131
X_1322,0.14404791548139131
X_2849,0.14404791548139131
X_2870,0.14440046641855867
X_1962,0.14440046641855867
X_132,0.1454246145764467
X_2722,0.14686152695240431
X_1927,0.14726702005946635
X_1179,0.1475295286183204
X_1704,0.14760943075995062
X_1868,0.1480497210285571
X_310,0.15119824781782806
X_2702,0.15130408964651973
X_2023,0.151437420187326
X_1703,0.1515712771882889
X_2017,0.1517938274507577
X_2701,0.15239471937935256
X_2700,0.152464301865287
X_2740,0.15365563818436956
X_1945,0.1539044494103644
X_2810,0.1541843744352537
X_2484,0.1541843744352537
X_231,0.1541843744352537
X_2485,0.1541843744352537
X_229,0.1541867925336052
X_2480,0.1541867925336052
X_228,0.1541867925336052
X_2478,0.1541867925336052
X_2481,0.1541867925336052
X_2479,0.1541867925336052
X_2808,0.1541867925336052
X_2807,0.1541867925336052
X_1612,0.1542864628790383
X_1858,0.15674361319598526
X_1887,0.15799203098306536
X_1867,0.158009546820991
X_2855,0.159472463243756
X_1324,0.159472463243756
X_1126,0.159472463243756
X_207,0.16011678774962493
X_2507,0.16011678774962493
X_2506,0.16011678774962493
X_2821,0.16011678774962493
X_2093,0.16013179961826213
X_1890,0.16048065145744753
X_1889,0.16204847440102021
X_2842,0.1645464377106617
X_1222,0.1652595511087878
X_1856,0.1661692106312976
X_2539,0.16619343016991595
X_2538,0.16619343016991595
X_224,0.16619343016991595
X_2836,0.16619343016991595
X_2501,0.1668790866751227
X_203,0.1668790866751227
X_2818,0.1668790866751227
X_2500,0.1668790866751227
X_1911,0.16738745391258153
X_1224,0.16940737951212512
X_2814,0.16948848548757137
X_199,0.16948848548757137
X_2493,0.16948848548757137
X_2492,0.16948848548757137
X_1786,0.169509256179148
X_2444,0.17101356899160994
X_1905,0.1717252803070525
X_2811,0.17258198227405175
X_2488,0.17258198227405175
X_2487,0.17258198227405175
X_2486,0.17258198227405175
X_2489,0.17258198227405175
X_197,0.17258198227405175
X_2812,0.17258198227405175
X_196,0.17258198227405175
X_2499,0.17307525723292264
X_2498,0.17307525723292264
X_202,0.17307525723292264
X_2817,0.17307525723292264
X_1831,0.17312439147936032
X_2509,0.17391851549992876
X_2508,0.17391851549992876
X_2822,0.17391851549992876
X_208,0.17391851549992876
X_1897,0.17411310401474572
X_2515,0.17435082660920034
X_2514,0.17435082660920034
X_211,0.17435082660920034
X_220,0.174755493375677
X_2530,0.174755493375677
X_2832,0.174755493375677
X_2531,0.174755493375677
X_1885,0.1762659906001953
X_1883,0.17627837566432109
X_1881,0.17646490392564773
X_1153,0.17712372392076875
X_2856,0.17712372392076875
X_1913,0.1783029442521975
X_2025,0.1790420392098612
X_1919,0.17940385345205867
X_2495,0.18009479387091049
X_201,0.18009479387091049
X_200,0.18009479387091049
X_2815,0.18009479387091049
X_2494,0.18009479387091049
X_2816,0.18009479387091049
X_2496,0.18009479387091049
X_2497,0.18009479387091049
X_2801,0.1802864058498733
X_1903,0.18173972613193898
X_1357,0.18209944744584944
X_245,0.18305544210419625
X_2708,0.1836334210136519
X_209,0.18376904298097632
X_2823,0.18376904298097632
X_2513,0.18376904298097632
X_210,0.18376904298097632
X_2512,0.18376904298097632
X_2511,0.18376904298097632
X_2824,0.18376904298097632
X_2510,0.18376904298097632
X_2287,0.18425425546981503
X_2286,0.18425425546981503
X_2358,0.18425425546981503
X_2579,0.18425425546981503
X_2215,0.18425425546981503
X_2214,0.18425425546981503
X_2134,0.18425425546981503
X_2135,0.18425425546981503
X_2578,0.18425425546981503
X_2359,0.18425425546981503
X_2540,0.1848314366093861
X_1389,0.1849495899411571
X_2707,0.1860441144524448
X_1935,0.18650637015369667
X_1917,0.18698774933159523
X_1915,0.18698774933159523
X_2706,0.1876924763659811
X_1899,0.1883950964434834
X_1901,0.1883950964434834
X_1891,0.19234524848780973
X_1893,0.19234524848780973
X_1764,0.19248035056946938
X_1780,0.19370240963568067
X_1788,0.19377610540694007
X_2095,0.19393774774306574
X_2019,0.19396470857961126
X_2504,0.19474233919568296
X_2505,0.19474233919568296
X_2820,0.19474233919568296
X_2819,0.19474233919568296
X_205,0.19474233919568296
X_2503,0.19474233919568296
X_2502,0.19474233919568296
X_204,0.19474233919568296
X_1878,0.19621969207500267
X_1876,0.1962238704095075
X_2760,0.1969622131327575
X_1943,0.19748194897608762
X_2097,0.198141829727703
X_1750,0.19838016831090846
X_2723,0.20076857531395215
X_1758,0.20114964375381864
X_371,0.20175929153419567
X_1909,0.20269811493191303
X_1907,0.20269811493191303
X_1756,0.20396417647916565
X_1888,0.20458764397953008
X_2829,0.20539850548688818
X_2525,0.20539850548688818
X_216,0.20539850548688818
X_2524,0.20539850548688818
X_1929,0.20554046420902528
X_1829,0.20619264649494298
X_1809,0.20619264649494298
X_1954,0.2069113603489924
X_2712,0.20799349945957457
X_1955,0.20800781271122973
X_2063,0.2096352934766271
X_2100,0.2096352934766271
X_2070,0.2096352934766271
X_1882,0.2099920820023612
X_1752,0.21078167509492862
X_1952,0.21411604765887937
X_214,0.21486782606488225
X_2521,0.21486782606488225
X_2518,0.21486782606488225
X_2519,0.21486782606488225
X_2827,0.21486782606488225
X_2826,0.21486782606488225
X_213,0.21486782606488225
X_2520,0.21486782606488225
X_2086,0.21503477386683598
X_2106,0.21503477386683598
X_2079,0.21503477386683598
X_206,0.218365790751849
X_2468,0.218365790751849
X_2802,0.218365790751849
X_2469,0.218365790751849
X_2033,0.21841526164775102
X_1985,0.2184748369316528
X_226,0.21853570163826277
X_2475,0.21853570163826277
X_2805,0.21853570163826277
X_2474,0.21853570163826277
X_1431,0.21877350202383422
X_1432,0.21877350202383422
X_1925,0.2190147675482605
X_1923,0.21907629552652808
X_1964,0.22031422525599473
X_2713,0.22105985654313315
X_2714,0.225008026277388
X_1815,0.22525908178719453
X_1873,0.22660629657524542
X_2240,0.22680961662262814
X_2312,0.22680961662262814
X_2384,0.22680961662262814
X_2385,0.22680961662262814
X_2160,0.22680961662262814
X_2605,0.22680961662262814
X_2604,0.22680961662262814
X_2161,0.22680961662262814
X_2241,0.22680961662262814
X_2313,0.22680961662262814
X_1879,0.2286975096654817
X_2532,0.23074350743732566
X_2533,0.23074350743732566
X_221,0.23074350743732566
X_2833,0.23074350743732566
X_1787,0.23119314130204288
X_2269,0.2340749837042562
X_2268,0.2340749837042562
X_2267,0.2340749837042562
X_2340,0.2340749837042562
X_2341,0.2340749837042562
X_2195,0.2340749837042562
X_2339,0.2340749837042562
X_2338,0.2340749837042562
X_2561,0.2340749837042562
X_2560,0.2340749837042562
X_2196,0.2340749837042562
X_2117,0.2340749837042562
X_2116,0.2340749837042562
X_2559,0.2340749837042562
X_2197,0.2340749837042562
X_2194,0.2340749837042562
X_2266,0.2340749837042562
X_2114,0.2340749837042562
X_2115,0.2340749837042562
X_2558,0.2340749837042562
X_2056,0.23416731216051942
X_1894,0.23480168821009342
X_1892,0.23496489843721524
X_372,0.23748415781333074
X_1762,0.239624431553786
X_1902,0.2397312670028495
X_1900,0.23975800189661375
X_2067,0.240498016971587
X_2104,0.240498016971587
X_2074,0.240498016971587
X_1948,0.2428611346535818
X_2350,0.24289502784167727
X_2206,0.24289502784167727
X_2570,0.24289502784167727
X_2351,0.24289502784167727
X_2279,0.24289502784167727
X_2127,0.24289502784167727
X_2126,0.24289502784167727
X_2207,0.24289502784167727
X_2571,0.24289502784167727
X_2278,0.24289502784167727
X_1714,0.2431739394503375
X_2005,0.24330398755913446
X_1969,0.24330398755913446
X_1993,0.24330398755913446
X_2721,0.24691753725207602
X_1981,0.24815582007473067
X_2029,0.24815605758680256
X_1987,0.2482112731314154
X_2035,0.2482112731314154
X_1975,0.24902816843725575
X_2011,0.24902816843725575
X_1999,0.24902816843725575
X_2013,0.25311340983621755
X_1977,0.25311340983621755
X_2001,0.25311340983621755
X_2200,0.25630194889537095
X_2120,0.25630194889537095
X_2272,0.25630194889537095
X_2121,0.25630194889537095
X_2345,0.25630194889537095
X_2201,0.25630194889537095
X_2344,0.25630194889537095
X_2565,0.25630194889537095
X_2564,0.25630194889537095
X_2273,0.25630194889537095
X_2021,0.25667294211353886
X_2534,0.2580931624491328
X_223,0.2580931624491328
X_222,0.2580931624491328
X_2535,0.2580931624491328
X_2536,0.2580931624491328
X_2537,0.2580931624491328
X_2835,0.2580931624491328
X_2834,0.2580931624491328
X_1937,0.2588699347104245
X_1971,0.2589171743118311
X_1995,0.2589171743118311
X_2007,0.2589171743118311
X_1933,0.25924841698340223
X_2610,0.25925737066421306
X_2318,0.25925737066421306
X_2166,0.25925737066421306
X_2390,0.25925737066421306
X_2391,0.25925737066421306
X_2167,0.25925737066421306
X_2319,0.25925737066421306
X_2247,0.25925737066421306
X_2611,0.25925737066421306
X_2246,0.25925737066421306
X_1931,0.2594098545160217
X_1941,0.26107015955076973
X_1939,0.26133512265306175
X_2037,0.2627588470799742
X_1989,0.2629290124411074
X_2527,0.2631010537598514
X_2528,0.2631010537598514
X_219,0.2631010537598514
X_2529,0.2631010537598514
X_2830,0.2631010537598514
X_218,0.2631010537598514
X_2831,0.2631010537598514
X_2526,0.2631010537598514
X_2090,0.2659320048995706
X_2083,0.2659320048995706
X_2110,0.2659320048995706
X_2031,0.2678892206321667
X_1983,0.26789847661411564
X_1712,0.2692462346068744
X_1741,0.26943157290883935
X_1938,0.27344018288261557
X_1910,0.2739919065293777
X_1908,0.2741340000857398
X_2295,0.2752436915982856
X_2223,0.2752436915982856
X_2222,0.2752436915982856
X_2586,0.2752436915982856
X_2143,0.2752436915982856
X_2142,0.2752436915982856
X_2367,0.2752436915982856
X_2366,0.2752436915982856
X_2294,0.2752436915982856
X_2587,0.2752436915982856
X_2209,0.2771734464170149
X_2208,0.2771734464170149
X_2280,0.2771734464170149
X_2573,0.2771734464170149
X_2352,0.2771734464170149
X_2353,0.2771734464170149
X_2281,0.2771734464170149
X_2572,0.2771734464170149
X_2128,0.2771734464170149
X_2129,0.2771734464170149
X_1751,0.2810219871658834
X_374,0.2811295080408747
X_373,0.2811295080408747
X_2374,0.28196814721847213
X_2375,0.28196814721847213
X_2594,0.28196814721847213
X_2595,0.28196814721847213
X_2230,0.28196814721847213
X_2303,0.28196814721847213
X_2302,0.28196814721847213
X_2231,0.28196814721847213
X_2151,0.28196814721847213
X_2150,0.28196814721847213
X_1782,0.2833265303878502
X_2589,0.2904540119477057
X_2369,0.2904540119477057
X_2224,0.2904540119477057
X_2588,0.2904540119477057
X_2225,0.2904540119477057
X_2145,0.2904540119477057
X_2297,0.2904540119477057
X_2296,0.2904540119477057
X_2368,0.2904540119477057
X_2144,0.2904540119477057
X_248,0.29127442778088786
X_2183,0.29163120704361656
X_2334,0.29163120704361656
X_2262,0.29163120704361656
X_2406,0.29163120704361656
X_2263,0.29163120704361656
X_2182,0.29163120704361656
X_2335,0.29163120704361656
X_2407,0.29163120704361656
X_2626,0.29163120704361656
X_2627,0.29163120704361656
X_2581,0.29399483592528547
X_2289,0.29399483592528547
X_2136,0.29399483592528547
X_2580,0.29399483592528547
X_2360,0.29399483592528547
X_2361,0.29399483592528547
X_2137,0.29399483592528547
X_2217,0.29399483592528547
X_2216,0.29399483592528547
X_2288,0.29399483592528547
X_2232,0.2953631625728038
X_2233,0.2953631625728038
X_2304,0.2953631625728038
X_2152,0.2953631625728038
X_2376,0.2953631625728038
X_2377,0.2953631625728038
X_2596,0.2953631625728038
X_2597,0.2953631625728038
X_2305,0.2953631625728038
X_2153,0.2953631625728038
X_2577,0.29667534401021084
X_2130,0.29667534401021084
X_2575,0.29667534401021084
X_2574,0.29667534401021084
X_2131,0.29667534401021084
X_2132,0.29667534401021084
X_2133,0.29667534401021084
X_2576,0.29667534401021084
X_2357,0.29667534401021084
X_2212,0.29667534401021084
X_2211,0.29667534401021084
X_2213,0.29667534401021084
X_2210,0.29667534401021084
X_2282,0.29667534401021084
X_2356,0.29667534401021084
X_2355,0.29667534401021084
X_2354,0.29667534401021084
X_2283,0.29667534401021084
X_2284,0.29667534401021084
X_2285,0.29667534401021084
X_2382,0.2969635918801017
X_2603,0.2969635918801017
X_2602,0.2969635918801017
X_2383,0.2969635918801017
X_2239,0.2969635918801017
X_2238,0.2969635918801017
X_2311,0.2969635918801017
X_2310,0.2969635918801017
X_2158,0.2969635918801017
X_2159,0.2969635918801017
X_2619,0.2972264115879779
X_2399,0.2972264115879779
X_2327,0.2972264115879779
X_2326,0.2972264115879779
X_2254,0.2972264115879779
X_2174,0.2972264115879779
X_2398,0.2972264115879779
X_2255,0.2972264115879779
X_2618,0.2972264115879779
X_2175,0.2972264115879779
X_2060,0.30102126705859517
X_2348,0.30229059201577396
X_2124,0.30229059201577396
X_2123,0.30229059201577396
X_2125,0.30229059201577396
X_2347,0.30229059201577396
X_2122,0.30229059201577396
X_2569,0.30229059201577396
X_2349,0.30229059201577396
X_2346,0.30229059201577396
X_2568,0.30229059201577396
X_2274,0.30229059201577396
X_2202,0.30229059201577396
X_2203,0.30229059201577396
X_2204,0.30229059201577396
X_2277,0.30229059201577396
X_2205,0.30229059201577396
X_2275,0.30229059201577396
X_2566,0.30229059201577396
X_2567,0.30229059201577396
X_2276,0.30229059201577396
X_2221,0.30470218619504486
X_2138,0.30470218619504486
X_2585,0.30470218619504486
X_2584,0.30470218619504486
X_2139,0.30470218619504486
X_2363,0.30470218619504486
X_2362,0.30470218619504486
X_2220,0.30470218619504486
X_2141,0.30470218619504486
X_2583,0.30470218619504486
X_2582,0.30470218619504486
X_2140,0.30470218619504486
X_2219,0.30470218619504486
X_2293,0.30470218619504486
X_2364,0.30470218619504486
X_2365,0.30470218619504486
X_2292,0.30470218619504486
X_2291,0.30470218619504486
X_2290,0.30470218619504486
X_2218,0.30470218619504486
X_1944,0.30657819071192516
X_1763,0.30703877508756544
X_1720,0.307371175949202
X_2381,0.30747952873114764
X_2380,0.30747952873114764
X_2309,0.30747952873114764
X_2379,0.30747952873114764
X_2237,0.30747952873114764
X_2306,0.30747952873114764
X_2308,0.30747952873114764
X_2307,0.30747952873114764
X_2378,0.30747952873114764
X_2236,0.30747952873114764
X_2155,0.30747952873114764
X_2234,0.30747952873114764
X_2598,0.30747952873114764
X_2599,0.30747952873114764
X_2600,0.30747952873114764
X_2601,0.30747952873114764
X_2154,0.30747952873114764
X_2235,0.30747952873114764
X_2156,0.30747952873114764
X_2157,0.30747952873114764
X_130,0.31080350897787384
X_131,0.31080350897787384
X_2590,0.311186722404596
X_2592,0.311186722404596
X_2298,0.311186722404596
X_2299,0.311186722404596
X_2300,0.311186722404596
X_2301,0.311186722404596
X_2373,0.311186722404596
X_2371,0.311186722404596
X_2591,0.311186722404596
X_2372,0.311186722404596
X_2227,0.311186722404596
X_2149,0.311186722404596
X_2148,0.311186722404596
X_2147,0.311186722404596
X_2146,0.311186722404596
X_2229,0.311186722404596
X_2228,0.311186722404596
X_2226,0.311186722404596
X_2593,0.311186722404596
X_2370,0.311186722404596
X_2394,0.31437754919935446
X_2252,0.31437754919935446
X_2397,0.31437754919935446
X_2251,0.31437754919935446
X_2396,0.31437754919935446
X_2322,0.31437754919935446
X_2614,0.31437754919935446
X_2395,0.31437754919935446
X_2615,0.31437754919935446
X_2250,0.31437754919935446
X_2173,0.31437754919935446
X_2616,0.31437754919935446
X_2617,0.31437754919935446
X_2253,0.31437754919935446
X_2325,0.31437754919935446
X_2170,0.31437754919935446
X_2171,0.31437754919935446
X_2172,0.31437754919935446
X_2323,0.31437754919935446
X_2324,0.31437754919935446
X_307,0.3145463391138218
X_2418,0.3172318568515247
X_258,0.31857911197406724
X_2403,0.3192938807974184
X_2181,0.3192938807974184
X_2402,0.3192938807974184
X_2332,0.3192938807974184
X_2331,0.3192938807974184
X_2405,0.3192938807974184
X_2333,0.3192938807974184
X_2178,0.3192938807974184
X_2179,0.3192938807974184
X_2180,0.3192938807974184
X_2625,0.3192938807974184
X_2330,0.3192938807974184
X_2624,0.3192938807974184
X_2259,0.3192938807974184
X_2260,0.3192938807974184
X_2261,0.3192938807974184
X_2623,0.3192938807974184
X_2622,0.3192938807974184
X_2258,0.3192938807974184
X_2404,0.3192938807974184
X_2321,0.3208559775753311
X_2392,0.3208559775753311
X_2393,0.3208559775753311
X_2320,0.3208559775753311
X_2248,0.3208559775753311
X_2249,0.3208559775753311
X_2612,0.3208559775753311
X_2168,0.3208559775753311
X_2169,0.3208559775753311
X_2613,0.3208559775753311
X_256,0.32315198791823024
X_2315,0.32318494273280746
X_2243,0.32318494273280746
X_2244,0.32318494273280746
X_2245,0.32318494273280746
X_2162,0.32318494273280746
X_2163,0.32318494273280746
X_2164,0.32318494273280746
X_2165,0.32318494273280746
X_2316,0.32318494273280746
X_2317,0.32318494273280746
X_2386,0.32318494273280746
X_2387,0.32318494273280746
X_2388,0.32318494273280746
X_2389,0.32318494273280746
X_2609,0.32318494273280746
X_2608,0.32318494273280746
X_2607,0.32318494273280746
X_2606,0.32318494273280746
X_2314,0.32318494273280746
X_2242,0.32318494273280746
X_257,0.32449025354661254
X_2336,0.32600091749421634
X_2193,0.32600091749421634
X_2192,0.32600091749421634
X_2556,0.32600091749421634
X_2557,0.32600091749421634
X_2337,0.32600091749421634
X_2112,0.32600091749421634
X_2113,0.32600091749421634
X_2264,0.32600091749421634
X_2265,0.32600091749421634
X_1967,0.3269420660911262
X_2563,0.32700146192369917
X_2562,0.32700146192369917
X_2119,0.32700146192369917
X_2118,0.32700146192369917
X_2270,0.32700146192369917
X_2343,0.32700146192369917
X_2342,0.32700146192369917
X_2271,0.32700146192369917
X_2198,0.32700146192369917
X_2199,0.32700146192369917
X_1793,0.3284641250600824
X_2102,0.3300509915286681
X_2065,0.3300509915286681
X_2072,0.3300509915286681
X_2081,0.33250413887794
X_2088,0.33250413887794
X_2108,0.33250413887794
X_1949,0.3330990387774484
X_2731,0.3346920386282405
X_2177,0.3349082879161578
X_2400,0.3349082879161578
X_2176,0.3349082879161578
X_2257,0.3349082879161578
X_2621,0.3349082879161578
X_2401,0.3349082879161578
X_2256,0.3349082879161578
X_2620,0.3349082879161578
X_2329,0.3349082879161578
X_2328,0.3349082879161578
X_1781,0.3616193014207562
poly_140,0.39952655991526603
poly_259,0.42005595694695025
poly_203,0.42005595694695025
poly_125,0.4290203496992538
poly_120,0.42909803410034686
X_189,0.4484444835377421
X_318,0.4541740021054613
X_1012 + X_1010,0.4585154897822968
X_1012,0.4585154897822968
X_1010,0.4585154897822968
X_1012 - X_368,0.6342593361829155
X_1010 - X_368,0.6342593361829155
X_1012 - X_367,0.6344878165323637
X_1010 - X_367,0.6344878165323637
X_1010 + X_318,0.6384787453458642
X_1012 + X_318,0.6384787453458642
X_1012 - X_335,0.6406477779369661
X_1010 - X_335,0.6406477779369661
